Column1;Column2;Column3;Column4;Column5;Column6;Column7;Column8;Column9;Column10;Column11;Column12;Column13;Column14;Column15;Column16;Column17;Column18;Column19;Column20;Column21;Column22;Column23;Column24;Column25;Column26;Column27;Column28;Column29;Column30;Column31;Column32;Column33;Column34;Column35;Column36;Column37;Column38;Column39;Column40;Column41;Column42;Column43;Column44;Column45;Column46;Column47;Column48;Column49;Column50;Column51;Column52;Column53;Column54;Column55;Column56;Column57;Column58;Column59;Column60;Column61;Column62;Column63;Column64;Column65;Column66;Column67;Column68;Column69;Column70;Column71;Column72;Column73;Column74;Column75;Column76
BehaviorSpace results (NetLogo 6.2.2);;;;;;;;;;;;;;;;;;;;;;;;;;;;;;;;;;;;;;;;;;;;;;;;;;;;;;;;;;;;;;;;;;;;;;;;;;;
TP.nlogo;;;;;;;;;;;;;;;;;;;;;;;;;;;;;;;;;;;;;;;;;;;;;;;;;;;;;;;;;;;;;;;;;;;;;;;;;;;
experiencia3;;;;;;;;;;;;;;;;;;;;;;;;;;;;;;;;;;;;;;;;;;;;;;;;;;;;;;;;;;;;;;;;;;;;;;;;;;;
10/31/2022 16:09:37:482 +0000;;;;;;;;;;;;;;;;;;;;;;;;;;;;;;;;;;;;;;;;;;;;;;;;;;;;;;;;;;;;;;;;;;;;;;;;;;;
min-pxcor;max-pxcor;min-pycor;max-pycor;;;;;;;;;;;;;;;;;;;;;;;;;;;;;;;;;;;;;;;;;;;;;;;;;;;;;;;;;;;;;;;;;;;;;;;;
-16;16;-16;16;;;;;;;;;;;;;;;;;;;;;;;;;;;;;;;;;;;;;;;;;;;;;;;;;;;;;;;;;;;;;;;;;;;;;;;;
[run number];1;1;1;1;1;2;2;2;2;2;3;3;3;3;3;4;4;4;4;4;5;5;5;5;5;6;6;6;6;6;7;7;7;7;7;8;8;8;8;8;9;9;9;9;9;10;10;10;10;10;11;11;11;11;11;12;12;12;12;12;13;13;13;13;13;14;14;14;14;14;15;15;15;15;15
alimento_amarelo;0;;;;;0;;;;;0;;;;;0;;;;;0;;;;;0;;;;;0;;;;;0;;;;;0;;;;;0;;;;;0;;;;;0;;;;;0;;;;;0;;;;;0;;;;
nbasics;95;;;;;95;;;;;95;;;;;95;;;;;95;;;;;95;;;;;95;;;;;95;;;;;95;;;;;95;;;;;95;;;;;95;;;;;95;;;;;95;;;;;95;;;;
armadilhas;0;;;;;0;;;;;0;;;;;0;;;;;0;;;;;0;;;;;0;;;;;0;;;;;0;;;;;0;;;;;0;;;;;0;;;;;0;;;;;0;;;;;0;;;;
abrigos;1;;;;;1;;;;;1;;;;;1;;;;;1;;;;;1;;;;;1;;;;;1;;;;;1;;;;;1;;;;;1;;;;;1;;;;;1;;;;;1;;;;;1;;;;
alimento_verde;0;;;;;0;;;;;0;;;;;0;;;;;0;;;;;0;;;;;0;;;;;0;;;;;0;;;;;0;;;;;0;;;;;0;;;;;0;;;;;0;;;;;0;;;;
nexperts;5;;;;;5;;;;;5;;;;;5;;;;;5;;;;;5;;;;;5;;;;;5;;;;;5;;;;;5;;;;;5;;;;;5;;;;;5;;;;;5;;;;;5;;;;
versão-modelo;base;;;;;base;;;;;base;;;;;base;;;;;base;;;;;base;;;;;base;;;;;base;;;;;base;;;;;base;;;;;base;;;;;base;;;;;base;;;;;base;;;;;base;;;;
[reporter];count basics;count experts;ingeridosAmarelo;ingeridosVerde;ticks;count basics;count experts;ingeridosAmarelo;ingeridosVerde;ticks;count basics;count experts;ingeridosAmarelo;ingeridosVerde;ticks;count basics;count experts;ingeridosAmarelo;ingeridosVerde;ticks;count basics;count experts;ingeridosAmarelo;ingeridosVerde;ticks;count basics;count experts;ingeridosAmarelo;ingeridosVerde;ticks;count basics;count experts;ingeridosAmarelo;ingeridosVerde;ticks;count basics;count experts;ingeridosAmarelo;ingeridosVerde;ticks;count basics;count experts;ingeridosAmarelo;ingeridosVerde;ticks;count basics;count experts;ingeridosAmarelo;ingeridosVerde;ticks;count basics;count experts;ingeridosAmarelo;ingeridosVerde;ticks;count basics;count experts;ingeridosAmarelo;ingeridosVerde;ticks;count basics;count experts;ingeridosAmarelo;ingeridosVerde;ticks;count basics;count experts;ingeridosAmarelo;ingeridosVerde;ticks;count basics;count experts;ingeridosAmarelo;ingeridosVerde;ticks
[final];0;3;0;0;500;0;5;0;0;500;0;5;0;0;500;0;5;0;0;500;0;5;0;0;500;0;5;0;0;500;0;5;0;0;500;0;5;0;0;500;0;5;0;0;500;0;5;0;0;500;0;5;0;0;500;0;5;0;0;500;0;5;0;0;500;0;5;0;0;500;0;5;0;0;500
[min];0;3;0;0;0;0;5;0;0;0;0;5;0;0;0;0;5;0;0;0;0;5;0;0;0;0;5;0;0;0;0;5;0;0;0;0;5;0;0;0;0;5;0;0;0;0;5;0;0;0;0;5;0;0;0;0;5;0;0;0;0;5;0;0;0;0;5;0;0;0;0;5;0;0;0
[max];95;5;0;0;500;95;5;0;0;500;95;5;0;0;500;95;5;0;0;500;95;5;0;0;500;95;5;0;0;500;95;5;0;0;500;95;5;0;0;500;95;5;0;0;500;95;5;0;0;500;95;5;0;0;500;95;5;0;0;500;95;5;0;0;500;95;5;0;0;500;95;5;0;0;500
[mean];15.32934131736527;3.6087824351297404;0;0;250;15.367265469061877;5;0;0;250;15.023952095808383;5;0;0;250;16.295409181636728;5;0;0;250;14.522954091816366;5;0;0;250;15.445109780439122;5;0;0;250;14.84630738522954;5;0;0;250;16.49500998003992;5;0;0;250;17.564870259481037;5;0;0;250;15.878243512974052;5;0;0;250;15.62874251497006;5;0;0;250;15.776447105788423;5;0;0;250;14.367265469061877;5;0;0;250;16.582834331337324;5;0;0;250;16.79441117764471;5;0;0;250
[steps];500;500;500;500;500;500;500;500;500;500;500;500;500;500;500;500;500;500;500;500;500;500;500;500;500;500;500;500;500;500;500;500;500;500;500;500;500;500;500;500;500;500;500;500;500;500;500;500;500;500;500;500;500;500;500;500;500;500;500;500;500;500;500;500;500;500;500;500;500;500;500;500;500;500;500
;;;;;;;;;;;;;;;;;;;;;;;;;;;;;;;;;;;;;;;;;;;;;;;;;;;;;;;;;;;;;;;;;;;;;;;;;;;
[all run data];count basics;count experts;ingeridosAmarelo;ingeridosVerde;ticks;count basics;count experts;ingeridosAmarelo;ingeridosVerde;ticks;count basics;count experts;ingeridosAmarelo;ingeridosVerde;ticks;count basics;count experts;ingeridosAmarelo;ingeridosVerde;ticks;count basics;count experts;ingeridosAmarelo;ingeridosVerde;ticks;count basics;count experts;ingeridosAmarelo;ingeridosVerde;ticks;count basics;count experts;ingeridosAmarelo;ingeridosVerde;ticks;count basics;count experts;ingeridosAmarelo;ingeridosVerde;ticks;count basics;count experts;ingeridosAmarelo;ingeridosVerde;ticks;count basics;count experts;ingeridosAmarelo;ingeridosVerde;ticks;count basics;count experts;ingeridosAmarelo;ingeridosVerde;ticks;count basics;count experts;ingeridosAmarelo;ingeridosVerde;ticks;count basics;count experts;ingeridosAmarelo;ingeridosVerde;ticks;count basics;count experts;ingeridosAmarelo;ingeridosVerde;ticks;count basics;count experts;ingeridosAmarelo;ingeridosVerde;ticks
;95;5;0;0;0;95;5;0;0;0;95;5;0;0;0;95;5;0;0;0;95;5;0;0;0;95;5;0;0;0;95;5;0;0;0;95;5;0;0;0;95;5;0;0;0;95;5;0;0;0;95;5;0;0;0;95;5;0;0;0;95;5;0;0;0;95;5;0;0;0;95;5;0;0;0
;93;5;0;0;1;95;5;0;0;1;93;5;0;0;1;93;5;0;0;1;93;5;0;0;1;95;5;0;0;1;93;5;0;0;1;92;5;0;0;1;94;5;0;0;1;94;5;0;0;1;95;5;0;0;1;95;5;0;0;1;94;5;0;0;1;95;5;0;0;1;95;5;0;0;1
;92;5;0;0;2;95;5;0;0;2;90;5;0;0;2;92;5;0;0;2;92;5;0;0;2;94;5;0;0;2;92;5;0;0;2;91;5;0;0;2;93;5;0;0;2;93;5;0;0;2;93;5;0;0;2;95;5;0;0;2;93;5;0;0;2;94;5;0;0;2;93;5;0;0;2
;91;5;0;0;3;92;5;0;0;3;89;5;0;0;3;92;5;0;0;3;90;5;0;0;3;92;5;0;0;3;92;5;0;0;3;90;5;0;0;3;93;5;0;0;3;91;5;0;0;3;93;5;0;0;3;95;5;0;0;3;92;5;0;0;3;94;5;0;0;3;92;5;0;0;3
;91;5;0;0;4;92;5;0;0;4;88;5;0;0;4;91;5;0;0;4;89;5;0;0;4;92;5;0;0;4;91;5;0;0;4;88;5;0;0;4;92;5;0;0;4;89;5;0;0;4;92;5;0;0;4;95;5;0;0;4;91;5;0;0;4;93;5;0;0;4;92;5;0;0;4
;91;5;0;0;5;91;5;0;0;5;87;5;0;0;5;91;5;0;0;5;89;5;0;0;5;90;5;0;0;5;90;5;0;0;5;86;5;0;0;5;92;5;0;0;5;87;5;0;0;5;92;5;0;0;5;95;5;0;0;5;89;5;0;0;5;92;5;0;0;5;90;5;0;0;5
;90;5;0;0;6;90;5;0;0;6;87;5;0;0;6;91;5;0;0;6;87;5;0;0;6;90;5;0;0;6;90;5;0;0;6;86;5;0;0;6;92;5;0;0;6;87;5;0;0;6;91;5;0;0;6;94;5;0;0;6;89;5;0;0;6;92;5;0;0;6;88;5;0;0;6
;89;5;0;0;7;89;5;0;0;7;86;5;0;0;7;91;5;0;0;7;86;5;0;0;7;90;5;0;0;7;89;5;0;0;7;85;5;0;0;7;92;5;0;0;7;85;5;0;0;7;90;5;0;0;7;91;5;0;0;7;89;5;0;0;7;92;5;0;0;7;88;5;0;0;7
;87;5;0;0;8;89;5;0;0;8;84;5;0;0;8;91;5;0;0;8;85;5;0;0;8;89;5;0;0;8;89;5;0;0;8;85;5;0;0;8;92;5;0;0;8;84;5;0;0;8;90;5;0;0;8;91;5;0;0;8;88;5;0;0;8;91;5;0;0;8;86;5;0;0;8
;86;5;0;0;9;86;5;0;0;9;84;5;0;0;9;89;5;0;0;9;84;5;0;0;9;89;5;0;0;9;88;5;0;0;9;85;5;0;0;9;90;5;0;0;9;84;5;0;0;9;90;5;0;0;9;89;5;0;0;9;88;5;0;0;9;91;5;0;0;9;86;5;0;0;9
;84;5;0;0;10;85;5;0;0;10;84;5;0;0;10;87;5;0;0;10;84;5;0;0;10;88;5;0;0;10;87;5;0;0;10;83;5;0;0;10;89;5;0;0;10;83;5;0;0;10;90;5;0;0;10;89;5;0;0;10;86;5;0;0;10;91;5;0;0;10;86;5;0;0;10
;83;5;0;0;11;85;5;0;0;11;84;5;0;0;11;86;5;0;0;11;83;5;0;0;11;88;5;0;0;11;86;5;0;0;11;83;5;0;0;11;88;5;0;0;11;83;5;0;0;11;89;5;0;0;11;88;5;0;0;11;84;5;0;0;11;91;5;0;0;11;86;5;0;0;11
;81;5;0;0;12;85;5;0;0;12;84;5;0;0;12;85;5;0;0;12;82;5;0;0;12;88;5;0;0;12;85;5;0;0;12;83;5;0;0;12;88;5;0;0;12;82;5;0;0;12;89;5;0;0;12;88;5;0;0;12;82;5;0;0;12;90;5;0;0;12;85;5;0;0;12
;81;5;0;0;13;84;5;0;0;13;82;5;0;0;13;85;5;0;0;13;82;5;0;0;13;88;5;0;0;13;84;5;0;0;13;83;5;0;0;13;88;5;0;0;13;81;5;0;0;13;88;5;0;0;13;88;5;0;0;13;82;5;0;0;13;90;5;0;0;13;84;5;0;0;13
;80;5;0;0;14;83;5;0;0;14;80;5;0;0;14;84;5;0;0;14;81;5;0;0;14;88;5;0;0;14;82;5;0;0;14;82;5;0;0;14;86;5;0;0;14;81;5;0;0;14;86;5;0;0;14;86;5;0;0;14;82;5;0;0;14;90;5;0;0;14;84;5;0;0;14
;79;5;0;0;15;83;5;0;0;15;80;5;0;0;15;84;5;0;0;15;80;5;0;0;15;87;5;0;0;15;81;5;0;0;15;82;5;0;0;15;86;5;0;0;15;81;5;0;0;15;86;5;0;0;15;86;5;0;0;15;79;5;0;0;15;88;5;0;0;15;84;5;0;0;15
;79;5;0;0;16;79;5;0;0;16;80;5;0;0;16;84;5;0;0;16;80;5;0;0;16;87;5;0;0;16;81;5;0;0;16;82;5;0;0;16;85;5;0;0;16;81;5;0;0;16;86;5;0;0;16;86;5;0;0;16;79;5;0;0;16;88;5;0;0;16;84;5;0;0;16
;77;5;0;0;17;79;5;0;0;17;80;5;0;0;17;84;5;0;0;17;79;5;0;0;17;86;5;0;0;17;81;5;0;0;17;82;5;0;0;17;85;5;0;0;17;80;5;0;0;17;86;5;0;0;17;85;5;0;0;17;79;5;0;0;17;88;5;0;0;17;84;5;0;0;17
;77;5;0;0;18;79;5;0;0;18;80;5;0;0;18;84;5;0;0;18;79;5;0;0;18;85;5;0;0;18;81;5;0;0;18;81;5;0;0;18;85;5;0;0;18;80;5;0;0;18;85;5;0;0;18;84;5;0;0;18;78;5;0;0;18;87;5;0;0;18;84;5;0;0;18
;77;5;0;0;19;79;5;0;0;19;79;5;0;0;19;84;5;0;0;19;77;5;0;0;19;84;5;0;0;19;80;5;0;0;19;80;5;0;0;19;85;5;0;0;19;80;5;0;0;19;85;5;0;0;19;83;5;0;0;19;78;5;0;0;19;86;5;0;0;19;84;5;0;0;19
;77;5;0;0;20;79;5;0;0;20;79;5;0;0;20;82;5;0;0;20;75;5;0;0;20;83;5;0;0;20;80;5;0;0;20;80;5;0;0;20;82;5;0;0;20;79;5;0;0;20;85;5;0;0;20;83;5;0;0;20;76;5;0;0;20;86;5;0;0;20;84;5;0;0;20
;75;5;0;0;21;79;5;0;0;21;78;5;0;0;21;81;5;0;0;21;74;5;0;0;21;82;5;0;0;21;80;5;0;0;21;80;5;0;0;21;82;5;0;0;21;79;5;0;0;21;84;5;0;0;21;81;5;0;0;21;75;5;0;0;21;85;5;0;0;21;84;5;0;0;21
;75;5;0;0;22;78;5;0;0;22;76;5;0;0;22;80;5;0;0;22;74;5;0;0;22;81;5;0;0;22;79;5;0;0;22;80;5;0;0;22;81;5;0;0;22;79;5;0;0;22;84;5;0;0;22;81;5;0;0;22;75;5;0;0;22;85;5;0;0;22;82;5;0;0;22
;74;5;0;0;23;78;5;0;0;23;76;5;0;0;23;79;5;0;0;23;74;5;0;0;23;80;5;0;0;23;79;5;0;0;23;80;5;0;0;23;80;5;0;0;23;78;5;0;0;23;83;5;0;0;23;81;5;0;0;23;74;5;0;0;23;83;5;0;0;23;81;5;0;0;23
;74;5;0;0;24;78;5;0;0;24;73;5;0;0;24;79;5;0;0;24;73;5;0;0;24;80;5;0;0;24;77;5;0;0;24;79;5;0;0;24;80;5;0;0;24;78;5;0;0;24;81;5;0;0;24;81;5;0;0;24;74;5;0;0;24;83;5;0;0;24;81;5;0;0;24
;73;5;0;0;25;77;5;0;0;25;70;5;0;0;25;78;5;0;0;25;72;5;0;0;25;80;5;0;0;25;77;5;0;0;25;79;5;0;0;25;80;5;0;0;25;78;5;0;0;25;81;5;0;0;25;80;5;0;0;25;74;5;0;0;25;82;5;0;0;25;81;5;0;0;25
;72;5;0;0;26;76;5;0;0;26;69;5;0;0;26;78;5;0;0;26;72;5;0;0;26;79;5;0;0;26;77;5;0;0;26;79;5;0;0;26;79;5;0;0;26;77;5;0;0;26;81;5;0;0;26;79;5;0;0;26;73;5;0;0;26;82;5;0;0;26;81;5;0;0;26
;72;5;0;0;27;75;5;0;0;27;68;5;0;0;27;78;5;0;0;27;72;5;0;0;27;79;5;0;0;27;77;5;0;0;27;77;5;0;0;27;79;5;0;0;27;75;5;0;0;27;80;5;0;0;27;79;5;0;0;27;73;5;0;0;27;82;5;0;0;27;81;5;0;0;27
;71;5;0;0;28;74;5;0;0;28;68;5;0;0;28;77;5;0;0;28;72;5;0;0;28;79;5;0;0;28;77;5;0;0;28;76;5;0;0;28;79;5;0;0;28;74;5;0;0;28;80;5;0;0;28;76;5;0;0;28;71;5;0;0;28;82;5;0;0;28;81;5;0;0;28
;71;5;0;0;29;73;5;0;0;29;68;5;0;0;29;75;5;0;0;29;72;5;0;0;29;77;5;0;0;29;76;5;0;0;29;76;5;0;0;29;78;5;0;0;29;74;5;0;0;29;80;5;0;0;29;76;5;0;0;29;71;5;0;0;29;81;5;0;0;29;80;5;0;0;29
;71;5;0;0;30;73;5;0;0;30;68;5;0;0;30;75;5;0;0;30;72;5;0;0;30;76;5;0;0;30;75;5;0;0;30;75;5;0;0;30;78;5;0;0;30;74;5;0;0;30;80;5;0;0;30;76;5;0;0;30;71;5;0;0;30;81;5;0;0;30;80;5;0;0;30
;70;5;0;0;31;73;5;0;0;31;68;5;0;0;31;74;5;0;0;31;71;5;0;0;31;76;5;0;0;31;73;5;0;0;31;75;5;0;0;31;78;5;0;0;31;74;5;0;0;31;79;5;0;0;31;76;5;0;0;31;71;5;0;0;31;81;5;0;0;31;79;5;0;0;31
;70;5;0;0;32;71;5;0;0;32;68;5;0;0;32;73;5;0;0;32;71;5;0;0;32;75;5;0;0;32;73;5;0;0;32;74;5;0;0;32;78;5;0;0;32;74;5;0;0;32;79;5;0;0;32;75;5;0;0;32;69;5;0;0;32;80;5;0;0;32;77;5;0;0;32
;70;5;0;0;33;71;5;0;0;33;68;5;0;0;33;73;5;0;0;33;70;5;0;0;33;74;5;0;0;33;73;5;0;0;33;73;5;0;0;33;77;5;0;0;33;73;5;0;0;33;77;5;0;0;33;74;5;0;0;33;69;5;0;0;33;80;5;0;0;33;76;5;0;0;33
;70;5;0;0;34;71;5;0;0;34;67;5;0;0;34;73;5;0;0;34;69;5;0;0;34;74;5;0;0;34;72;5;0;0;34;73;5;0;0;34;77;5;0;0;34;72;5;0;0;34;75;5;0;0;34;74;5;0;0;34;67;5;0;0;34;80;5;0;0;34;75;5;0;0;34
;69;5;0;0;35;71;5;0;0;35;67;5;0;0;35;72;5;0;0;35;69;5;0;0;35;74;5;0;0;35;70;5;0;0;35;73;5;0;0;35;77;5;0;0;35;70;5;0;0;35;75;5;0;0;35;72;5;0;0;35;67;5;0;0;35;78;5;0;0;35;75;5;0;0;35
;69;5;0;0;36;70;5;0;0;36;67;5;0;0;36;72;5;0;0;36;69;5;0;0;36;73;5;0;0;36;68;5;0;0;36;73;5;0;0;36;77;5;0;0;36;70;5;0;0;36;74;5;0;0;36;71;5;0;0;36;67;5;0;0;36;78;5;0;0;36;75;5;0;0;36
;69;5;0;0;37;69;5;0;0;37;67;5;0;0;37;72;5;0;0;37;69;5;0;0;37;73;5;0;0;37;68;5;0;0;37;73;5;0;0;37;77;5;0;0;37;69;5;0;0;37;74;5;0;0;37;69;5;0;0;37;67;5;0;0;37;77;5;0;0;37;75;5;0;0;37
;68;5;0;0;38;69;5;0;0;38;67;5;0;0;38;72;5;0;0;38;69;5;0;0;38;73;5;0;0;38;68;5;0;0;38;73;5;0;0;38;77;5;0;0;38;69;5;0;0;38;73;5;0;0;38;68;5;0;0;38;65;5;0;0;38;76;5;0;0;38;74;5;0;0;38
;68;5;0;0;39;69;5;0;0;39;66;5;0;0;39;72;5;0;0;39;69;5;0;0;39;72;5;0;0;39;68;5;0;0;39;73;5;0;0;39;77;5;0;0;39;68;5;0;0;39;73;5;0;0;39;68;5;0;0;39;64;5;0;0;39;76;5;0;0;39;73;5;0;0;39
;68;5;0;0;40;68;5;0;0;40;65;5;0;0;40;71;5;0;0;40;69;5;0;0;40;72;5;0;0;40;68;5;0;0;40;73;5;0;0;40;77;5;0;0;40;67;5;0;0;40;71;5;0;0;40;68;5;0;0;40;64;5;0;0;40;75;5;0;0;40;72;5;0;0;40
;67;5;0;0;41;68;5;0;0;41;64;5;0;0;41;71;5;0;0;41;68;5;0;0;41;71;5;0;0;41;67;5;0;0;41;73;5;0;0;41;77;5;0;0;41;66;5;0;0;41;71;5;0;0;41;68;5;0;0;41;62;5;0;0;41;75;5;0;0;41;71;5;0;0;41
;67;5;0;0;42;67;5;0;0;42;63;5;0;0;42;70;5;0;0;42;67;5;0;0;42;70;5;0;0;42;67;5;0;0;42;73;5;0;0;42;77;5;0;0;42;65;5;0;0;42;70;5;0;0;42;68;5;0;0;42;61;5;0;0;42;74;5;0;0;42;71;5;0;0;42
;67;5;0;0;43;66;5;0;0;43;62;5;0;0;43;70;5;0;0;43;67;5;0;0;43;70;5;0;0;43;67;5;0;0;43;72;5;0;0;43;76;5;0;0;43;64;5;0;0;43;70;5;0;0;43;67;5;0;0;43;60;5;0;0;43;72;5;0;0;43;69;5;0;0;43
;66;5;0;0;44;65;5;0;0;44;62;5;0;0;44;70;5;0;0;44;66;5;0;0;44;70;5;0;0;44;66;5;0;0;44;72;5;0;0;44;76;5;0;0;44;63;5;0;0;44;69;5;0;0;44;66;5;0;0;44;59;5;0;0;44;70;5;0;0;44;69;5;0;0;44
;66;5;0;0;45;65;5;0;0;45;61;5;0;0;45;69;5;0;0;45;64;5;0;0;45;70;5;0;0;45;65;5;0;0;45;72;5;0;0;45;75;5;0;0;45;63;5;0;0;45;69;5;0;0;45;66;5;0;0;45;59;5;0;0;45;70;5;0;0;45;69;5;0;0;45
;65;5;0;0;46;64;5;0;0;46;60;5;0;0;46;69;5;0;0;46;64;5;0;0;46;70;5;0;0;46;64;5;0;0;46;72;5;0;0;46;75;5;0;0;46;63;5;0;0;46;68;5;0;0;46;65;5;0;0;46;58;5;0;0;46;68;5;0;0;46;69;5;0;0;46
;65;5;0;0;47;64;5;0;0;47;58;5;0;0;47;69;5;0;0;47;63;5;0;0;47;70;5;0;0;47;64;5;0;0;47;72;5;0;0;47;75;5;0;0;47;63;5;0;0;47;68;5;0;0;47;65;5;0;0;47;57;5;0;0;47;68;5;0;0;47;68;5;0;0;47
;65;5;0;0;48;63;5;0;0;48;58;5;0;0;48;69;5;0;0;48;62;5;0;0;48;70;5;0;0;48;64;5;0;0;48;72;5;0;0;48;73;5;0;0;48;62;5;0;0;48;68;5;0;0;48;64;5;0;0;48;57;5;0;0;48;67;5;0;0;48;68;5;0;0;48
;64;5;0;0;49;63;5;0;0;49;57;5;0;0;49;69;5;0;0;49;62;5;0;0;49;69;5;0;0;49;62;5;0;0;49;71;5;0;0;49;72;5;0;0;49;62;5;0;0;49;67;5;0;0;49;64;5;0;0;49;56;5;0;0;49;67;5;0;0;49;68;5;0;0;49
;63;5;0;0;50;63;5;0;0;50;57;5;0;0;50;69;5;0;0;50;61;5;0;0;50;68;5;0;0;50;62;5;0;0;50;70;5;0;0;50;71;5;0;0;50;62;5;0;0;50;67;5;0;0;50;62;5;0;0;50;56;5;0;0;50;67;5;0;0;50;67;5;0;0;50
;63;5;0;0;51;63;5;0;0;51;57;5;0;0;51;69;5;0;0;51;61;5;0;0;51;66;5;0;0;51;62;5;0;0;51;70;5;0;0;51;71;5;0;0;51;62;5;0;0;51;67;5;0;0;51;62;5;0;0;51;56;5;0;0;51;67;5;0;0;51;67;5;0;0;51
;63;5;0;0;52;63;5;0;0;52;56;5;0;0;52;68;5;0;0;52;61;5;0;0;52;66;5;0;0;52;61;5;0;0;52;69;5;0;0;52;71;5;0;0;52;62;5;0;0;52;67;5;0;0;52;61;5;0;0;52;55;5;0;0;52;66;5;0;0;52;67;5;0;0;52
;63;5;0;0;53;62;5;0;0;53;55;5;0;0;53;68;5;0;0;53;60;5;0;0;53;65;5;0;0;53;61;5;0;0;53;68;5;0;0;53;71;5;0;0;53;61;5;0;0;53;66;5;0;0;53;61;5;0;0;53;53;5;0;0;53;65;5;0;0;53;67;5;0;0;53
;63;5;0;0;54;62;5;0;0;54;54;5;0;0;54;68;5;0;0;54;60;5;0;0;54;65;5;0;0;54;60;5;0;0;54;67;5;0;0;54;71;5;0;0;54;61;5;0;0;54;64;5;0;0;54;61;5;0;0;54;53;5;0;0;54;63;5;0;0;54;67;5;0;0;54
;63;5;0;0;55;62;5;0;0;55;54;5;0;0;55;68;5;0;0;55;59;5;0;0;55;65;5;0;0;55;57;5;0;0;55;67;5;0;0;55;71;5;0;0;55;61;5;0;0;55;63;5;0;0;55;61;5;0;0;55;53;5;0;0;55;61;5;0;0;55;67;5;0;0;55
;62;5;0;0;56;62;5;0;0;56;54;5;0;0;56;66;5;0;0;56;58;5;0;0;56;65;5;0;0;56;56;5;0;0;56;67;5;0;0;56;71;5;0;0;56;61;5;0;0;56;63;5;0;0;56;61;5;0;0;56;53;5;0;0;56;60;5;0;0;56;65;5;0;0;56
;61;5;0;0;57;61;5;0;0;57;53;5;0;0;57;64;5;0;0;57;57;5;0;0;57;64;5;0;0;57;54;5;0;0;57;67;5;0;0;57;71;5;0;0;57;61;5;0;0;57;62;5;0;0;57;61;5;0;0;57;53;5;0;0;57;60;5;0;0;57;64;5;0;0;57
;61;5;0;0;58;59;5;0;0;58;53;5;0;0;58;63;5;0;0;58;56;5;0;0;58;63;5;0;0;58;54;5;0;0;58;67;5;0;0;58;70;5;0;0;58;60;5;0;0;58;60;5;0;0;58;61;5;0;0;58;53;5;0;0;58;59;5;0;0;58;64;5;0;0;58
;61;5;0;0;59;58;5;0;0;59;53;5;0;0;59;63;5;0;0;59;55;5;0;0;59;63;5;0;0;59;54;5;0;0;59;67;5;0;0;59;70;5;0;0;59;60;5;0;0;59;59;5;0;0;59;60;5;0;0;59;52;5;0;0;59;59;5;0;0;59;64;5;0;0;59
;60;5;0;0;60;57;5;0;0;60;52;5;0;0;60;63;5;0;0;60;55;5;0;0;60;62;5;0;0;60;54;5;0;0;60;67;5;0;0;60;68;5;0;0;60;60;5;0;0;60;57;5;0;0;60;59;5;0;0;60;52;5;0;0;60;59;5;0;0;60;63;5;0;0;60
;60;5;0;0;61;57;5;0;0;61;52;5;0;0;61;62;5;0;0;61;55;5;0;0;61;62;5;0;0;61;53;5;0;0;61;66;5;0;0;61;68;5;0;0;61;60;5;0;0;61;55;5;0;0;61;59;5;0;0;61;51;5;0;0;61;59;5;0;0;61;63;5;0;0;61
;60;5;0;0;62;57;5;0;0;62;52;5;0;0;62;62;5;0;0;62;54;5;0;0;62;61;5;0;0;62;53;5;0;0;62;65;5;0;0;62;68;5;0;0;62;59;5;0;0;62;55;5;0;0;62;59;5;0;0;62;51;5;0;0;62;59;5;0;0;62;63;5;0;0;62
;59;5;0;0;63;57;5;0;0;63;52;5;0;0;63;62;5;0;0;63;54;5;0;0;63;61;5;0;0;63;52;5;0;0;63;65;5;0;0;63;67;5;0;0;63;59;5;0;0;63;54;5;0;0;63;59;5;0;0;63;51;5;0;0;63;59;5;0;0;63;62;5;0;0;63
;59;5;0;0;64;56;5;0;0;64;52;5;0;0;64;62;5;0;0;64;54;5;0;0;64;60;5;0;0;64;52;5;0;0;64;65;5;0;0;64;66;5;0;0;64;58;5;0;0;64;53;5;0;0;64;59;5;0;0;64;51;5;0;0;64;59;5;0;0;64;59;5;0;0;64
;59;5;0;0;65;55;5;0;0;65;52;5;0;0;65;62;5;0;0;65;54;5;0;0;65;60;5;0;0;65;52;5;0;0;65;65;5;0;0;65;66;5;0;0;65;57;5;0;0;65;53;5;0;0;65;59;5;0;0;65;51;5;0;0;65;59;5;0;0;65;58;5;0;0;65
;59;5;0;0;66;55;5;0;0;66;51;5;0;0;66;61;5;0;0;66;54;5;0;0;66;59;5;0;0;66;51;5;0;0;66;64;5;0;0;66;66;5;0;0;66;56;5;0;0;66;53;5;0;0;66;59;5;0;0;66;51;5;0;0;66;59;5;0;0;66;58;5;0;0;66
;58;5;0;0;67;55;5;0;0;67;51;5;0;0;67;59;5;0;0;67;54;5;0;0;67;59;5;0;0;67;51;5;0;0;67;64;5;0;0;67;66;5;0;0;67;55;5;0;0;67;52;5;0;0;67;57;5;0;0;67;51;5;0;0;67;59;5;0;0;67;56;5;0;0;67
;58;5;0;0;68;53;5;0;0;68;51;5;0;0;68;58;5;0;0;68;53;5;0;0;68;57;5;0;0;68;51;5;0;0;68;63;5;0;0;68;66;5;0;0;68;55;5;0;0;68;51;5;0;0;68;57;5;0;0;68;51;5;0;0;68;58;5;0;0;68;56;5;0;0;68
;58;5;0;0;69;53;5;0;0;69;51;5;0;0;69;57;5;0;0;69;51;5;0;0;69;56;5;0;0;69;51;5;0;0;69;62;5;0;0;69;66;5;0;0;69;55;5;0;0;69;51;5;0;0;69;56;5;0;0;69;51;5;0;0;69;57;5;0;0;69;56;5;0;0;69
;57;5;0;0;70;53;5;0;0;70;51;5;0;0;70;57;5;0;0;70;51;5;0;0;70;56;5;0;0;70;51;5;0;0;70;61;5;0;0;70;66;5;0;0;70;54;5;0;0;70;51;5;0;0;70;56;5;0;0;70;51;5;0;0;70;56;5;0;0;70;56;5;0;0;70
;57;5;0;0;71;53;5;0;0;71;51;5;0;0;71;57;5;0;0;71;51;5;0;0;71;54;5;0;0;71;51;5;0;0;71;60;5;0;0;71;66;5;0;0;71;54;5;0;0;71;50;5;0;0;71;56;5;0;0;71;51;5;0;0;71;55;5;0;0;71;56;5;0;0;71
;55;5;0;0;72;52;5;0;0;72;50;5;0;0;72;56;5;0;0;72;50;5;0;0;72;54;5;0;0;72;51;5;0;0;72;60;5;0;0;72;65;5;0;0;72;54;5;0;0;72;50;5;0;0;72;54;5;0;0;72;49;5;0;0;72;54;5;0;0;72;56;5;0;0;72
;55;5;0;0;73;52;5;0;0;73;50;5;0;0;73;55;5;0;0;73;50;5;0;0;73;52;5;0;0;73;51;5;0;0;73;60;5;0;0;73;65;5;0;0;73;53;5;0;0;73;50;5;0;0;73;54;5;0;0;73;49;5;0;0;73;54;5;0;0;73;56;5;0;0;73
;55;5;0;0;74;52;5;0;0;74;49;5;0;0;74;55;5;0;0;74;49;5;0;0;74;51;5;0;0;74;50;5;0;0;74;59;5;0;0;74;65;5;0;0;74;53;5;0;0;74;50;5;0;0;74;53;5;0;0;74;49;5;0;0;74;54;5;0;0;74;56;5;0;0;74
;54;5;0;0;75;51;5;0;0;75;48;5;0;0;75;55;5;0;0;75;48;5;0;0;75;51;5;0;0;75;50;5;0;0;75;58;5;0;0;75;64;5;0;0;75;53;5;0;0;75;50;5;0;0;75;53;5;0;0;75;49;5;0;0;75;53;5;0;0;75;56;5;0;0;75
;54;5;0;0;76;51;5;0;0;76;48;5;0;0;76;54;5;0;0;76;47;5;0;0;76;51;5;0;0;76;50;5;0;0;76;56;5;0;0;76;64;5;0;0;76;53;5;0;0;76;50;5;0;0;76;53;5;0;0;76;49;5;0;0;76;53;5;0;0;76;56;5;0;0;76
;54;5;0;0;77;51;5;0;0;77;48;5;0;0;77;54;5;0;0;77;47;5;0;0;77;51;5;0;0;77;50;5;0;0;77;56;5;0;0;77;63;5;0;0;77;53;5;0;0;77;50;5;0;0;77;53;5;0;0;77;49;5;0;0;77;52;5;0;0;77;55;5;0;0;77
;54;5;0;0;78;51;5;0;0;78;48;5;0;0;78;53;5;0;0;78;47;5;0;0;78;49;5;0;0;78;49;5;0;0;78;55;5;0;0;78;63;5;0;0;78;53;5;0;0;78;50;5;0;0;78;52;5;0;0;78;47;5;0;0;78;52;5;0;0;78;53;5;0;0;78
;53;5;0;0;79;51;5;0;0;79;48;5;0;0;79;53;5;0;0;79;46;5;0;0;79;49;5;0;0;79;49;5;0;0;79;55;5;0;0;79;63;5;0;0;79;53;5;0;0;79;50;5;0;0;79;51;5;0;0;79;47;5;0;0;79;52;5;0;0;79;53;5;0;0;79
;53;5;0;0;80;51;5;0;0;80;48;5;0;0;80;52;5;0;0;80;46;5;0;0;80;47;5;0;0;80;49;5;0;0;80;55;5;0;0;80;61;5;0;0;80;53;5;0;0;80;50;5;0;0;80;51;5;0;0;80;47;5;0;0;80;52;5;0;0;80;53;5;0;0;80
;53;5;0;0;81;50;5;0;0;81;48;5;0;0;81;52;5;0;0;81;46;5;0;0;81;47;5;0;0;81;49;5;0;0;81;54;5;0;0;81;59;5;0;0;81;53;5;0;0;81;50;5;0;0;81;51;5;0;0;81;47;5;0;0;81;52;5;0;0;81;53;5;0;0;81
;53;5;0;0;82;50;5;0;0;82;48;5;0;0;82;52;5;0;0;82;46;5;0;0;82;47;5;0;0;82;48;5;0;0;82;54;5;0;0;82;59;5;0;0;82;53;5;0;0;82;49;5;0;0;82;51;5;0;0;82;47;5;0;0;82;52;5;0;0;82;52;5;0;0;82
;52;5;0;0;83;49;5;0;0;83;48;5;0;0;83;52;5;0;0;83;46;5;0;0;83;46;5;0;0;83;48;5;0;0;83;53;5;0;0;83;58;5;0;0;83;53;5;0;0;83;49;5;0;0;83;50;5;0;0;83;45;5;0;0;83;52;5;0;0;83;52;5;0;0;83
;51;5;0;0;84;48;5;0;0;84;48;5;0;0;84;51;5;0;0;84;46;5;0;0;84;46;5;0;0;84;48;5;0;0;84;53;5;0;0;84;58;5;0;0;84;53;5;0;0;84;49;5;0;0;84;50;5;0;0;84;45;5;0;0;84;52;5;0;0;84;51;5;0;0;84
;51;5;0;0;85;46;5;0;0;85;47;5;0;0;85;51;5;0;0;85;46;5;0;0;85;46;5;0;0;85;45;5;0;0;85;52;5;0;0;85;58;5;0;0;85;51;5;0;0;85;49;5;0;0;85;50;5;0;0;85;44;5;0;0;85;51;5;0;0;85;51;5;0;0;85
;51;5;0;0;86;46;5;0;0;86;47;5;0;0;86;51;5;0;0;86;45;5;0;0;86;45;5;0;0;86;45;5;0;0;86;52;5;0;0;86;57;5;0;0;86;51;5;0;0;86;49;5;0;0;86;50;5;0;0;86;44;5;0;0;86;50;5;0;0;86;51;5;0;0;86
;50;5;0;0;87;46;5;0;0;87;47;5;0;0;87;50;5;0;0;87;45;5;0;0;87;45;5;0;0;87;45;5;0;0;87;52;5;0;0;87;57;5;0;0;87;51;5;0;0;87;49;5;0;0;87;49;5;0;0;87;44;5;0;0;87;50;5;0;0;87;51;5;0;0;87
;48;5;0;0;88;46;5;0;0;88;47;5;0;0;88;50;5;0;0;88;43;5;0;0;88;45;5;0;0;88;45;5;0;0;88;51;5;0;0;88;56;5;0;0;88;51;5;0;0;88;49;5;0;0;88;49;5;0;0;88;43;5;0;0;88;50;5;0;0;88;50;5;0;0;88
;48;5;0;0;89;45;5;0;0;89;46;5;0;0;89;50;5;0;0;89;42;5;0;0;89;45;5;0;0;89;44;5;0;0;89;51;5;0;0;89;56;5;0;0;89;51;5;0;0;89;49;5;0;0;89;49;5;0;0;89;43;5;0;0;89;50;5;0;0;89;50;5;0;0;89
;47;5;0;0;90;45;5;0;0;90;45;5;0;0;90;49;5;0;0;90;42;5;0;0;90;42;5;0;0;90;44;5;0;0;90;51;5;0;0;90;55;5;0;0;90;51;5;0;0;90;48;5;0;0;90;48;5;0;0;90;41;5;0;0;90;50;5;0;0;90;50;5;0;0;90
;46;5;0;0;91;45;5;0;0;91;45;5;0;0;91;48;5;0;0;91;42;5;0;0;91;42;5;0;0;91;43;5;0;0;91;51;5;0;0;91;55;5;0;0;91;51;5;0;0;91;48;5;0;0;91;48;5;0;0;91;41;5;0;0;91;50;5;0;0;91;50;5;0;0;91
;46;5;0;0;92;45;5;0;0;92;45;5;0;0;92;48;5;0;0;92;41;5;0;0;92;42;5;0;0;92;43;5;0;0;92;51;5;0;0;92;55;5;0;0;92;50;5;0;0;92;48;5;0;0;92;48;5;0;0;92;41;5;0;0;92;50;5;0;0;92;50;5;0;0;92
;45;5;0;0;93;44;5;0;0;93;45;5;0;0;93;48;5;0;0;93;41;5;0;0;93;42;5;0;0;93;42;5;0;0;93;51;5;0;0;93;55;5;0;0;93;47;5;0;0;93;45;5;0;0;93;48;5;0;0;93;41;5;0;0;93;50;5;0;0;93;50;5;0;0;93
;45;5;0;0;94;44;5;0;0;94;45;5;0;0;94;48;5;0;0;94;40;5;0;0;94;42;5;0;0;94;42;5;0;0;94;51;5;0;0;94;55;5;0;0;94;46;5;0;0;94;45;5;0;0;94;46;5;0;0;94;41;5;0;0;94;50;5;0;0;94;50;5;0;0;94
;45;5;0;0;95;43;5;0;0;95;45;5;0;0;95;48;5;0;0;95;39;5;0;0;95;42;5;0;0;95;41;5;0;0;95;49;5;0;0;95;55;5;0;0;95;46;5;0;0;95;45;5;0;0;95;46;5;0;0;95;40;5;0;0;95;50;5;0;0;95;50;5;0;0;95
;44;5;0;0;96;43;5;0;0;96;45;5;0;0;96;48;5;0;0;96;38;5;0;0;96;42;5;0;0;96;41;5;0;0;96;48;5;0;0;96;54;5;0;0;96;46;5;0;0;96;45;5;0;0;96;46;5;0;0;96;40;5;0;0;96;50;5;0;0;96;50;5;0;0;96
;44;5;0;0;97;43;5;0;0;97;45;5;0;0;97;48;5;0;0;97;37;5;0;0;97;42;5;0;0;97;40;5;0;0;97;48;5;0;0;97;54;5;0;0;97;46;5;0;0;97;45;5;0;0;97;46;5;0;0;97;40;5;0;0;97;50;5;0;0;97;50;5;0;0;97
;44;5;0;0;98;43;5;0;0;98;45;5;0;0;98;48;5;0;0;98;37;5;0;0;98;42;5;0;0;98;38;5;0;0;98;47;5;0;0;98;54;5;0;0;98;45;5;0;0;98;45;5;0;0;98;45;5;0;0;98;40;5;0;0;98;50;5;0;0;98;50;5;0;0;98
;42;5;0;0;99;43;5;0;0;99;45;5;0;0;99;48;5;0;0;99;37;5;0;0;99;42;5;0;0;99;38;5;0;0;99;47;5;0;0;99;54;5;0;0;99;45;5;0;0;99;45;5;0;0;99;44;5;0;0;99;40;5;0;0;99;50;5;0;0;99;50;5;0;0;99
;42;5;0;0;100;43;5;0;0;100;45;5;0;0;100;48;5;0;0;100;37;5;0;0;100;42;5;0;0;100;38;5;0;0;100;47;5;0;0;100;53;5;0;0;100;45;5;0;0;100;44;5;0;0;100;44;5;0;0;100;40;5;0;0;100;50;5;0;0;100;50;5;0;0;100
;42;5;0;0;101;42;5;0;0;101;45;5;0;0;101;48;5;0;0;101;37;5;0;0;101;40;5;0;0;101;38;5;0;0;101;45;5;0;0;101;53;5;0;0;101;45;5;0;0;101;44;5;0;0;101;43;5;0;0;101;40;5;0;0;101;49;5;0;0;101;50;5;0;0;101
;42;5;0;0;102;42;5;0;0;102;45;5;0;0;102;47;5;0;0;102;37;5;0;0;102;40;5;0;0;102;37;5;0;0;102;45;5;0;0;102;53;5;0;0;102;44;5;0;0;102;43;5;0;0;102;43;5;0;0;102;40;5;0;0;102;48;5;0;0;102;50;5;0;0;102
;42;5;0;0;103;42;5;0;0;103;45;5;0;0;103;47;5;0;0;103;37;5;0;0;103;39;5;0;0;103;37;5;0;0;103;45;5;0;0;103;53;5;0;0;103;44;5;0;0;103;41;5;0;0;103;42;5;0;0;103;38;5;0;0;103;47;5;0;0;103;50;5;0;0;103
;42;5;0;0;104;41;5;0;0;104;45;5;0;0;104;47;5;0;0;104;37;5;0;0;104;39;5;0;0;104;37;5;0;0;104;45;5;0;0;104;53;5;0;0;104;44;5;0;0;104;41;5;0;0;104;41;5;0;0;104;37;5;0;0;104;47;5;0;0;104;50;5;0;0;104
;42;5;0;0;105;41;5;0;0;105;45;5;0;0;105;47;5;0;0;105;36;5;0;0;105;39;5;0;0;105;37;5;0;0;105;44;5;0;0;105;53;5;0;0;105;44;5;0;0;105;41;5;0;0;105;40;5;0;0;105;37;5;0;0;105;47;5;0;0;105;50;5;0;0;105
;41;5;0;0;106;40;5;0;0;106;44;5;0;0;106;46;5;0;0;106;36;5;0;0;106;36;5;0;0;106;37;5;0;0;106;44;5;0;0;106;53;5;0;0;106;44;5;0;0;106;40;5;0;0;106;40;5;0;0;106;37;5;0;0;106;47;5;0;0;106;50;5;0;0;106
;41;5;0;0;107;40;5;0;0;107;44;5;0;0;107;46;5;0;0;107;36;5;0;0;107;36;5;0;0;107;37;5;0;0;107;44;5;0;0;107;51;5;0;0;107;44;5;0;0;107;40;5;0;0;107;40;5;0;0;107;37;5;0;0;107;47;5;0;0;107;50;5;0;0;107
;41;5;0;0;108;40;5;0;0;108;44;5;0;0;108;46;5;0;0;108;35;5;0;0;108;36;5;0;0;108;37;5;0;0;108;43;5;0;0;108;49;5;0;0;108;44;5;0;0;108;39;5;0;0;108;40;5;0;0;108;37;5;0;0;108;47;5;0;0;108;50;5;0;0;108
;41;5;0;0;109;40;5;0;0;109;43;5;0;0;109;45;5;0;0;109;33;5;0;0;109;35;5;0;0;109;37;5;0;0;109;43;5;0;0;109;49;5;0;0;109;44;5;0;0;109;38;5;0;0;109;39;5;0;0;109;37;5;0;0;109;46;5;0;0;109;50;5;0;0;109
;40;5;0;0;110;39;5;0;0;110;43;5;0;0;110;45;5;0;0;110;33;5;0;0;110;35;5;0;0;110;37;5;0;0;110;43;5;0;0;110;49;5;0;0;110;44;5;0;0;110;38;5;0;0;110;39;5;0;0;110;37;5;0;0;110;46;5;0;0;110;50;5;0;0;110
;40;5;0;0;111;39;5;0;0;111;43;5;0;0;111;45;5;0;0;111;33;5;0;0;111;35;5;0;0;111;36;5;0;0;111;43;5;0;0;111;49;5;0;0;111;44;5;0;0;111;38;5;0;0;111;38;5;0;0;111;36;5;0;0;111;46;5;0;0;111;50;5;0;0;111
;40;5;0;0;112;38;5;0;0;112;43;5;0;0;112;44;5;0;0;112;33;5;0;0;112;35;5;0;0;112;35;5;0;0;112;42;5;0;0;112;49;5;0;0;112;44;5;0;0;112;38;5;0;0;112;38;5;0;0;112;36;5;0;0;112;46;5;0;0;112;50;5;0;0;112
;39;5;0;0;113;38;5;0;0;113;43;5;0;0;113;43;5;0;0;113;33;5;0;0;113;35;5;0;0;113;35;5;0;0;113;42;5;0;0;113;49;5;0;0;113;43;5;0;0;113;38;5;0;0;113;38;5;0;0;113;36;5;0;0;113;46;5;0;0;113;49;5;0;0;113
;39;5;0;0;114;38;5;0;0;114;43;5;0;0;114;43;5;0;0;114;33;5;0;0;114;35;5;0;0;114;34;5;0;0;114;42;5;0;0;114;48;5;0;0;114;43;5;0;0;114;37;5;0;0;114;38;5;0;0;114;35;5;0;0;114;45;5;0;0;114;49;5;0;0;114
;36;5;0;0;115;38;5;0;0;115;43;5;0;0;115;42;5;0;0;115;33;5;0;0;115;35;5;0;0;115;34;5;0;0;115;42;5;0;0;115;47;5;0;0;115;43;5;0;0;115;36;5;0;0;115;36;5;0;0;115;35;5;0;0;115;45;5;0;0;115;49;5;0;0;115
;36;5;0;0;116;36;5;0;0;116;43;5;0;0;116;42;5;0;0;116;33;5;0;0;116;35;5;0;0;116;33;5;0;0;116;42;5;0;0;116;46;5;0;0;116;42;5;0;0;116;36;5;0;0;116;36;5;0;0;116;35;5;0;0;116;44;5;0;0;116;49;5;0;0;116
;36;5;0;0;117;36;5;0;0;117;43;5;0;0;117;42;5;0;0;117;33;5;0;0;117;34;5;0;0;117;33;5;0;0;117;42;5;0;0;117;46;5;0;0;117;42;5;0;0;117;36;5;0;0;117;36;5;0;0;117;35;5;0;0;117;43;5;0;0;117;49;5;0;0;117
;35;5;0;0;118;35;5;0;0;118;42;5;0;0;118;42;5;0;0;118;32;5;0;0;118;33;5;0;0;118;32;5;0;0;118;42;5;0;0;118;45;5;0;0;118;42;5;0;0;118;34;5;0;0;118;36;5;0;0;118;34;5;0;0;118;43;5;0;0;118;48;5;0;0;118
;33;5;0;0;119;34;5;0;0;119;42;5;0;0;119;42;5;0;0;119;32;5;0;0;119;32;5;0;0;119;31;5;0;0;119;42;5;0;0;119;45;5;0;0;119;42;5;0;0;119;34;5;0;0;119;35;5;0;0;119;34;5;0;0;119;43;5;0;0;119;48;5;0;0;119
;33;5;0;0;120;34;5;0;0;120;40;5;0;0;120;41;5;0;0;120;32;5;0;0;120;31;5;0;0;120;31;5;0;0;120;42;5;0;0;120;44;5;0;0;120;42;5;0;0;120;34;5;0;0;120;35;5;0;0;120;33;5;0;0;120;43;5;0;0;120;45;5;0;0;120
;32;5;0;0;121;34;5;0;0;121;38;5;0;0;121;41;5;0;0;121;30;5;0;0;121;31;5;0;0;121;31;5;0;0;121;42;5;0;0;121;43;5;0;0;121;41;5;0;0;121;33;5;0;0;121;35;5;0;0;121;33;5;0;0;121;40;5;0;0;121;44;5;0;0;121
;32;5;0;0;122;33;5;0;0;122;37;5;0;0;122;40;5;0;0;122;27;5;0;0;122;29;5;0;0;122;29;5;0;0;122;41;5;0;0;122;43;5;0;0;122;40;5;0;0;122;32;5;0;0;122;34;5;0;0;122;30;5;0;0;122;40;5;0;0;122;43;5;0;0;122
;31;5;0;0;123;33;5;0;0;123;36;5;0;0;123;39;5;0;0;123;27;5;0;0;123;29;5;0;0;123;28;5;0;0;123;41;5;0;0;123;40;5;0;0;123;39;5;0;0;123;30;5;0;0;123;33;5;0;0;123;29;5;0;0;123;40;5;0;0;123;42;5;0;0;123
;30;5;0;0;124;31;5;0;0;124;36;5;0;0;124;37;5;0;0;124;26;5;0;0;124;29;5;0;0;124;25;5;0;0;124;39;5;0;0;124;40;5;0;0;124;39;5;0;0;124;27;5;0;0;124;33;5;0;0;124;28;5;0;0;124;40;5;0;0;124;41;5;0;0;124
;29;5;0;0;125;30;5;0;0;125;36;5;0;0;125;34;5;0;0;125;26;5;0;0;125;27;5;0;0;125;21;5;0;0;125;37;5;0;0;125;38;5;0;0;125;37;5;0;0;125;26;5;0;0;125;33;5;0;0;125;28;5;0;0;125;39;5;0;0;125;38;5;0;0;125
;23;5;0;0;126;28;5;0;0;126;35;5;0;0;126;34;5;0;0;126;26;5;0;0;126;23;5;0;0;126;19;5;0;0;126;36;5;0;0;126;36;5;0;0;126;36;5;0;0;126;24;5;0;0;126;31;5;0;0;126;27;5;0;0;126;35;5;0;0;126;34;5;0;0;126
;23;5;0;0;127;26;5;0;0;127;34;5;0;0;127;32;5;0;0;127;24;5;0;0;127;22;5;0;0;127;19;5;0;0;127;34;5;0;0;127;36;5;0;0;127;34;5;0;0;127;21;5;0;0;127;30;5;0;0;127;22;5;0;0;127;29;5;0;0;127;32;5;0;0;127
;20;5;0;0;128;25;5;0;0;128;31;5;0;0;128;28;5;0;0;128;20;5;0;0;128;18;5;0;0;128;17;5;0;0;128;30;5;0;0;128;33;5;0;0;128;31;5;0;0;128;21;5;0;0;128;27;5;0;0;128;20;5;0;0;128;28;5;0;0;128;31;5;0;0;128
;20;5;0;0;129;23;5;0;0;129;28;5;0;0;129;27;5;0;0;129;17;5;0;0;129;17;5;0;0;129;16;5;0;0;129;27;5;0;0;129;31;5;0;0;129;31;5;0;0;129;20;5;0;0;129;23;5;0;0;129;17;5;0;0;129;24;5;0;0;129;29;5;0;0;129
;16;5;0;0;130;23;5;0;0;130;28;5;0;0;130;25;5;0;0;130;16;5;0;0;130;16;5;0;0;130;15;5;0;0;130;25;5;0;0;130;30;5;0;0;130;29;5;0;0;130;18;5;0;0;130;19;5;0;0;130;16;5;0;0;130;22;5;0;0;130;26;5;0;0;130
;15;5;0;0;131;21;5;0;0;131;21;5;0;0;131;20;5;0;0;131;15;5;0;0;131;12;5;0;0;131;14;5;0;0;131;23;5;0;0;131;28;5;0;0;131;27;5;0;0;131;14;5;0;0;131;17;5;0;0;131;15;5;0;0;131;20;5;0;0;131;25;5;0;0;131
;13;5;0;0;132;20;5;0;0;132;18;5;0;0;132;17;5;0;0;132;14;5;0;0;132;11;5;0;0;132;12;5;0;0;132;22;5;0;0;132;21;5;0;0;132;22;5;0;0;132;12;5;0;0;132;17;5;0;0;132;14;5;0;0;132;18;5;0;0;132;24;5;0;0;132
;12;5;0;0;133;15;5;0;0;133;14;5;0;0;133;15;5;0;0;133;11;5;0;0;133;9;5;0;0;133;12;5;0;0;133;18;5;0;0;133;19;5;0;0;133;18;5;0;0;133;12;5;0;0;133;15;5;0;0;133;12;5;0;0;133;15;5;0;0;133;22;5;0;0;133
;10;5;0;0;134;12;5;0;0;134;12;5;0;0;134;12;5;0;0;134;10;5;0;0;134;8;5;0;0;134;12;5;0;0;134;16;5;0;0;134;14;5;0;0;134;16;5;0;0;134;10;5;0;0;134;13;5;0;0;134;9;5;0;0;134;13;5;0;0;134;18;5;0;0;134
;9;4;0;0;135;10;5;0;0;135;9;5;0;0;135;11;5;0;0;135;9;5;0;0;135;6;5;0;0;135;11;5;0;0;135;12;5;0;0;135;11;5;0;0;135;16;5;0;0;135;9;5;0;0;135;11;5;0;0;135;6;5;0;0;135;13;5;0;0;135;16;5;0;0;135
;7;4;0;0;136;9;5;0;0;136;8;5;0;0;136;10;5;0;0;136;5;5;0;0;136;5;5;0;0;136;10;5;0;0;136;11;5;0;0;136;9;5;0;0;136;14;5;0;0;136;7;5;0;0;136;10;5;0;0;136;5;5;0;0;136;9;5;0;0;136;14;5;0;0;136
;4;4;0;0;137;8;5;0;0;137;3;5;0;0;137;7;5;0;0;137;5;5;0;0;137;5;5;0;0;137;9;5;0;0;137;8;5;0;0;137;7;5;0;0;137;11;5;0;0;137;6;5;0;0;137;10;5;0;0;137;2;5;0;0;137;5;5;0;0;137;11;5;0;0;137
;4;4;0;0;138;7;5;0;0;138;2;5;0;0;138;5;5;0;0;138;3;5;0;0;138;5;5;0;0;138;6;5;0;0;138;7;5;0;0;138;7;5;0;0;138;7;5;0;0;138;5;5;0;0;138;6;5;0;0;138;1;5;0;0;138;3;5;0;0;138;11;5;0;0;138
;4;4;0;0;139;7;5;0;0;139;2;5;0;0;139;2;5;0;0;139;3;5;0;0;139;3;5;0;0;139;6;5;0;0;139;5;5;0;0;139;5;5;0;0;139;6;5;0;0;139;3;5;0;0;139;4;5;0;0;139;1;5;0;0;139;2;5;0;0;139;9;5;0;0;139
;3;4;0;0;140;6;5;0;0;140;2;5;0;0;140;0;5;0;0;140;3;5;0;0;140;2;5;0;0;140;6;5;0;0;140;3;5;0;0;140;2;5;0;0;140;5;5;0;0;140;2;5;0;0;140;3;5;0;0;140;1;5;0;0;140;2;5;0;0;140;6;5;0;0;140
;3;4;0;0;141;4;5;0;0;141;1;5;0;0;141;0;5;0;0;141;3;5;0;0;141;1;5;0;0;141;5;5;0;0;141;2;5;0;0;141;2;5;0;0;141;4;5;0;0;141;2;5;0;0;141;3;5;0;0;141;1;5;0;0;141;2;5;0;0;141;6;5;0;0;141
;2;4;0;0;142;4;5;0;0;142;1;5;0;0;142;0;5;0;0;142;1;5;0;0;142;1;5;0;0;142;3;5;0;0;142;2;5;0;0;142;2;5;0;0;142;1;5;0;0;142;1;5;0;0;142;2;5;0;0;142;0;5;0;0;142;1;5;0;0;142;4;5;0;0;142
;2;4;0;0;143;2;5;0;0;143;1;5;0;0;143;0;5;0;0;143;0;5;0;0;143;1;5;0;0;143;3;5;0;0;143;1;5;0;0;143;1;5;0;0;143;1;5;0;0;143;1;5;0;0;143;2;5;0;0;143;0;5;0;0;143;1;5;0;0;143;4;5;0;0;143
;2;4;0;0;144;2;5;0;0;144;0;5;0;0;144;0;5;0;0;144;0;5;0;0;144;0;5;0;0;144;2;5;0;0;144;0;5;0;0;144;1;5;0;0;144;1;5;0;0;144;0;5;0;0;144;1;5;0;0;144;0;5;0;0;144;0;5;0;0;144;2;5;0;0;144
;1;4;0;0;145;2;5;0;0;145;0;5;0;0;145;0;5;0;0;145;0;5;0;0;145;0;5;0;0;145;2;5;0;0;145;0;5;0;0;145;1;5;0;0;145;1;5;0;0;145;0;5;0;0;145;1;5;0;0;145;0;5;0;0;145;0;5;0;0;145;2;5;0;0;145
;0;4;0;0;146;2;5;0;0;146;0;5;0;0;146;0;5;0;0;146;0;5;0;0;146;0;5;0;0;146;2;5;0;0;146;0;5;0;0;146;1;5;0;0;146;1;5;0;0;146;0;5;0;0;146;1;5;0;0;146;0;5;0;0;146;0;5;0;0;146;2;5;0;0;146
;0;4;0;0;147;2;5;0;0;147;0;5;0;0;147;0;5;0;0;147;0;5;0;0;147;0;5;0;0;147;1;5;0;0;147;0;5;0;0;147;1;5;0;0;147;0;5;0;0;147;0;5;0;0;147;0;5;0;0;147;0;5;0;0;147;0;5;0;0;147;1;5;0;0;147
;0;4;0;0;148;0;5;0;0;148;0;5;0;0;148;0;5;0;0;148;0;5;0;0;148;0;5;0;0;148;0;5;0;0;148;0;5;0;0;148;1;5;0;0;148;0;5;0;0;148;0;5;0;0;148;0;5;0;0;148;0;5;0;0;148;0;5;0;0;148;1;5;0;0;148
;0;4;0;0;149;0;5;0;0;149;0;5;0;0;149;0;5;0;0;149;0;5;0;0;149;0;5;0;0;149;0;5;0;0;149;0;5;0;0;149;0;5;0;0;149;0;5;0;0;149;0;5;0;0;149;0;5;0;0;149;0;5;0;0;149;0;5;0;0;149;1;5;0;0;149
;0;4;0;0;150;0;5;0;0;150;0;5;0;0;150;0;5;0;0;150;0;5;0;0;150;0;5;0;0;150;0;5;0;0;150;0;5;0;0;150;0;5;0;0;150;0;5;0;0;150;0;5;0;0;150;0;5;0;0;150;0;5;0;0;150;0;5;0;0;150;0;5;0;0;150
;0;4;0;0;151;0;5;0;0;151;0;5;0;0;151;0;5;0;0;151;0;5;0;0;151;0;5;0;0;151;0;5;0;0;151;0;5;0;0;151;0;5;0;0;151;0;5;0;0;151;0;5;0;0;151;0;5;0;0;151;0;5;0;0;151;0;5;0;0;151;0;5;0;0;151
;0;4;0;0;152;0;5;0;0;152;0;5;0;0;152;0;5;0;0;152;0;5;0;0;152;0;5;0;0;152;0;5;0;0;152;0;5;0;0;152;0;5;0;0;152;0;5;0;0;152;0;5;0;0;152;0;5;0;0;152;0;5;0;0;152;0;5;0;0;152;0;5;0;0;152
;0;4;0;0;153;0;5;0;0;153;0;5;0;0;153;0;5;0;0;153;0;5;0;0;153;0;5;0;0;153;0;5;0;0;153;0;5;0;0;153;0;5;0;0;153;0;5;0;0;153;0;5;0;0;153;0;5;0;0;153;0;5;0;0;153;0;5;0;0;153;0;5;0;0;153
;0;4;0;0;154;0;5;0;0;154;0;5;0;0;154;0;5;0;0;154;0;5;0;0;154;0;5;0;0;154;0;5;0;0;154;0;5;0;0;154;0;5;0;0;154;0;5;0;0;154;0;5;0;0;154;0;5;0;0;154;0;5;0;0;154;0;5;0;0;154;0;5;0;0;154
;0;4;0;0;155;0;5;0;0;155;0;5;0;0;155;0;5;0;0;155;0;5;0;0;155;0;5;0;0;155;0;5;0;0;155;0;5;0;0;155;0;5;0;0;155;0;5;0;0;155;0;5;0;0;155;0;5;0;0;155;0;5;0;0;155;0;5;0;0;155;0;5;0;0;155
;0;4;0;0;156;0;5;0;0;156;0;5;0;0;156;0;5;0;0;156;0;5;0;0;156;0;5;0;0;156;0;5;0;0;156;0;5;0;0;156;0;5;0;0;156;0;5;0;0;156;0;5;0;0;156;0;5;0;0;156;0;5;0;0;156;0;5;0;0;156;0;5;0;0;156
;0;4;0;0;157;0;5;0;0;157;0;5;0;0;157;0;5;0;0;157;0;5;0;0;157;0;5;0;0;157;0;5;0;0;157;0;5;0;0;157;0;5;0;0;157;0;5;0;0;157;0;5;0;0;157;0;5;0;0;157;0;5;0;0;157;0;5;0;0;157;0;5;0;0;157
;0;4;0;0;158;0;5;0;0;158;0;5;0;0;158;0;5;0;0;158;0;5;0;0;158;0;5;0;0;158;0;5;0;0;158;0;5;0;0;158;0;5;0;0;158;0;5;0;0;158;0;5;0;0;158;0;5;0;0;158;0;5;0;0;158;0;5;0;0;158;0;5;0;0;158
;0;4;0;0;159;0;5;0;0;159;0;5;0;0;159;0;5;0;0;159;0;5;0;0;159;0;5;0;0;159;0;5;0;0;159;0;5;0;0;159;0;5;0;0;159;0;5;0;0;159;0;5;0;0;159;0;5;0;0;159;0;5;0;0;159;0;5;0;0;159;0;5;0;0;159
;0;4;0;0;160;0;5;0;0;160;0;5;0;0;160;0;5;0;0;160;0;5;0;0;160;0;5;0;0;160;0;5;0;0;160;0;5;0;0;160;0;5;0;0;160;0;5;0;0;160;0;5;0;0;160;0;5;0;0;160;0;5;0;0;160;0;5;0;0;160;0;5;0;0;160
;0;4;0;0;161;0;5;0;0;161;0;5;0;0;161;0;5;0;0;161;0;5;0;0;161;0;5;0;0;161;0;5;0;0;161;0;5;0;0;161;0;5;0;0;161;0;5;0;0;161;0;5;0;0;161;0;5;0;0;161;0;5;0;0;161;0;5;0;0;161;0;5;0;0;161
;0;4;0;0;162;0;5;0;0;162;0;5;0;0;162;0;5;0;0;162;0;5;0;0;162;0;5;0;0;162;0;5;0;0;162;0;5;0;0;162;0;5;0;0;162;0;5;0;0;162;0;5;0;0;162;0;5;0;0;162;0;5;0;0;162;0;5;0;0;162;0;5;0;0;162
;0;4;0;0;163;0;5;0;0;163;0;5;0;0;163;0;5;0;0;163;0;5;0;0;163;0;5;0;0;163;0;5;0;0;163;0;5;0;0;163;0;5;0;0;163;0;5;0;0;163;0;5;0;0;163;0;5;0;0;163;0;5;0;0;163;0;5;0;0;163;0;5;0;0;163
;0;4;0;0;164;0;5;0;0;164;0;5;0;0;164;0;5;0;0;164;0;5;0;0;164;0;5;0;0;164;0;5;0;0;164;0;5;0;0;164;0;5;0;0;164;0;5;0;0;164;0;5;0;0;164;0;5;0;0;164;0;5;0;0;164;0;5;0;0;164;0;5;0;0;164
;0;4;0;0;165;0;5;0;0;165;0;5;0;0;165;0;5;0;0;165;0;5;0;0;165;0;5;0;0;165;0;5;0;0;165;0;5;0;0;165;0;5;0;0;165;0;5;0;0;165;0;5;0;0;165;0;5;0;0;165;0;5;0;0;165;0;5;0;0;165;0;5;0;0;165
;0;4;0;0;166;0;5;0;0;166;0;5;0;0;166;0;5;0;0;166;0;5;0;0;166;0;5;0;0;166;0;5;0;0;166;0;5;0;0;166;0;5;0;0;166;0;5;0;0;166;0;5;0;0;166;0;5;0;0;166;0;5;0;0;166;0;5;0;0;166;0;5;0;0;166
;0;4;0;0;167;0;5;0;0;167;0;5;0;0;167;0;5;0;0;167;0;5;0;0;167;0;5;0;0;167;0;5;0;0;167;0;5;0;0;167;0;5;0;0;167;0;5;0;0;167;0;5;0;0;167;0;5;0;0;167;0;5;0;0;167;0;5;0;0;167;0;5;0;0;167
;0;4;0;0;168;0;5;0;0;168;0;5;0;0;168;0;5;0;0;168;0;5;0;0;168;0;5;0;0;168;0;5;0;0;168;0;5;0;0;168;0;5;0;0;168;0;5;0;0;168;0;5;0;0;168;0;5;0;0;168;0;5;0;0;168;0;5;0;0;168;0;5;0;0;168
;0;4;0;0;169;0;5;0;0;169;0;5;0;0;169;0;5;0;0;169;0;5;0;0;169;0;5;0;0;169;0;5;0;0;169;0;5;0;0;169;0;5;0;0;169;0;5;0;0;169;0;5;0;0;169;0;5;0;0;169;0;5;0;0;169;0;5;0;0;169;0;5;0;0;169
;0;3;0;0;170;0;5;0;0;170;0;5;0;0;170;0;5;0;0;170;0;5;0;0;170;0;5;0;0;170;0;5;0;0;170;0;5;0;0;170;0;5;0;0;170;0;5;0;0;170;0;5;0;0;170;0;5;0;0;170;0;5;0;0;170;0;5;0;0;170;0;5;0;0;170
;0;3;0;0;171;0;5;0;0;171;0;5;0;0;171;0;5;0;0;171;0;5;0;0;171;0;5;0;0;171;0;5;0;0;171;0;5;0;0;171;0;5;0;0;171;0;5;0;0;171;0;5;0;0;171;0;5;0;0;171;0;5;0;0;171;0;5;0;0;171;0;5;0;0;171
;0;3;0;0;172;0;5;0;0;172;0;5;0;0;172;0;5;0;0;172;0;5;0;0;172;0;5;0;0;172;0;5;0;0;172;0;5;0;0;172;0;5;0;0;172;0;5;0;0;172;0;5;0;0;172;0;5;0;0;172;0;5;0;0;172;0;5;0;0;172;0;5;0;0;172
;0;3;0;0;173;0;5;0;0;173;0;5;0;0;173;0;5;0;0;173;0;5;0;0;173;0;5;0;0;173;0;5;0;0;173;0;5;0;0;173;0;5;0;0;173;0;5;0;0;173;0;5;0;0;173;0;5;0;0;173;0;5;0;0;173;0;5;0;0;173;0;5;0;0;173
;0;3;0;0;174;0;5;0;0;174;0;5;0;0;174;0;5;0;0;174;0;5;0;0;174;0;5;0;0;174;0;5;0;0;174;0;5;0;0;174;0;5;0;0;174;0;5;0;0;174;0;5;0;0;174;0;5;0;0;174;0;5;0;0;174;0;5;0;0;174;0;5;0;0;174
;0;3;0;0;175;0;5;0;0;175;0;5;0;0;175;0;5;0;0;175;0;5;0;0;175;0;5;0;0;175;0;5;0;0;175;0;5;0;0;175;0;5;0;0;175;0;5;0;0;175;0;5;0;0;175;0;5;0;0;175;0;5;0;0;175;0;5;0;0;175;0;5;0;0;175
;0;3;0;0;176;0;5;0;0;176;0;5;0;0;176;0;5;0;0;176;0;5;0;0;176;0;5;0;0;176;0;5;0;0;176;0;5;0;0;176;0;5;0;0;176;0;5;0;0;176;0;5;0;0;176;0;5;0;0;176;0;5;0;0;176;0;5;0;0;176;0;5;0;0;176
;0;3;0;0;177;0;5;0;0;177;0;5;0;0;177;0;5;0;0;177;0;5;0;0;177;0;5;0;0;177;0;5;0;0;177;0;5;0;0;177;0;5;0;0;177;0;5;0;0;177;0;5;0;0;177;0;5;0;0;177;0;5;0;0;177;0;5;0;0;177;0;5;0;0;177
;0;3;0;0;178;0;5;0;0;178;0;5;0;0;178;0;5;0;0;178;0;5;0;0;178;0;5;0;0;178;0;5;0;0;178;0;5;0;0;178;0;5;0;0;178;0;5;0;0;178;0;5;0;0;178;0;5;0;0;178;0;5;0;0;178;0;5;0;0;178;0;5;0;0;178
;0;3;0;0;179;0;5;0;0;179;0;5;0;0;179;0;5;0;0;179;0;5;0;0;179;0;5;0;0;179;0;5;0;0;179;0;5;0;0;179;0;5;0;0;179;0;5;0;0;179;0;5;0;0;179;0;5;0;0;179;0;5;0;0;179;0;5;0;0;179;0;5;0;0;179
;0;3;0;0;180;0;5;0;0;180;0;5;0;0;180;0;5;0;0;180;0;5;0;0;180;0;5;0;0;180;0;5;0;0;180;0;5;0;0;180;0;5;0;0;180;0;5;0;0;180;0;5;0;0;180;0;5;0;0;180;0;5;0;0;180;0;5;0;0;180;0;5;0;0;180
;0;3;0;0;181;0;5;0;0;181;0;5;0;0;181;0;5;0;0;181;0;5;0;0;181;0;5;0;0;181;0;5;0;0;181;0;5;0;0;181;0;5;0;0;181;0;5;0;0;181;0;5;0;0;181;0;5;0;0;181;0;5;0;0;181;0;5;0;0;181;0;5;0;0;181
;0;3;0;0;182;0;5;0;0;182;0;5;0;0;182;0;5;0;0;182;0;5;0;0;182;0;5;0;0;182;0;5;0;0;182;0;5;0;0;182;0;5;0;0;182;0;5;0;0;182;0;5;0;0;182;0;5;0;0;182;0;5;0;0;182;0;5;0;0;182;0;5;0;0;182
;0;3;0;0;183;0;5;0;0;183;0;5;0;0;183;0;5;0;0;183;0;5;0;0;183;0;5;0;0;183;0;5;0;0;183;0;5;0;0;183;0;5;0;0;183;0;5;0;0;183;0;5;0;0;183;0;5;0;0;183;0;5;0;0;183;0;5;0;0;183;0;5;0;0;183
;0;3;0;0;184;0;5;0;0;184;0;5;0;0;184;0;5;0;0;184;0;5;0;0;184;0;5;0;0;184;0;5;0;0;184;0;5;0;0;184;0;5;0;0;184;0;5;0;0;184;0;5;0;0;184;0;5;0;0;184;0;5;0;0;184;0;5;0;0;184;0;5;0;0;184
;0;3;0;0;185;0;5;0;0;185;0;5;0;0;185;0;5;0;0;185;0;5;0;0;185;0;5;0;0;185;0;5;0;0;185;0;5;0;0;185;0;5;0;0;185;0;5;0;0;185;0;5;0;0;185;0;5;0;0;185;0;5;0;0;185;0;5;0;0;185;0;5;0;0;185
;0;3;0;0;186;0;5;0;0;186;0;5;0;0;186;0;5;0;0;186;0;5;0;0;186;0;5;0;0;186;0;5;0;0;186;0;5;0;0;186;0;5;0;0;186;0;5;0;0;186;0;5;0;0;186;0;5;0;0;186;0;5;0;0;186;0;5;0;0;186;0;5;0;0;186
;0;3;0;0;187;0;5;0;0;187;0;5;0;0;187;0;5;0;0;187;0;5;0;0;187;0;5;0;0;187;0;5;0;0;187;0;5;0;0;187;0;5;0;0;187;0;5;0;0;187;0;5;0;0;187;0;5;0;0;187;0;5;0;0;187;0;5;0;0;187;0;5;0;0;187
;0;3;0;0;188;0;5;0;0;188;0;5;0;0;188;0;5;0;0;188;0;5;0;0;188;0;5;0;0;188;0;5;0;0;188;0;5;0;0;188;0;5;0;0;188;0;5;0;0;188;0;5;0;0;188;0;5;0;0;188;0;5;0;0;188;0;5;0;0;188;0;5;0;0;188
;0;3;0;0;189;0;5;0;0;189;0;5;0;0;189;0;5;0;0;189;0;5;0;0;189;0;5;0;0;189;0;5;0;0;189;0;5;0;0;189;0;5;0;0;189;0;5;0;0;189;0;5;0;0;189;0;5;0;0;189;0;5;0;0;189;0;5;0;0;189;0;5;0;0;189
;0;3;0;0;190;0;5;0;0;190;0;5;0;0;190;0;5;0;0;190;0;5;0;0;190;0;5;0;0;190;0;5;0;0;190;0;5;0;0;190;0;5;0;0;190;0;5;0;0;190;0;5;0;0;190;0;5;0;0;190;0;5;0;0;190;0;5;0;0;190;0;5;0;0;190
;0;3;0;0;191;0;5;0;0;191;0;5;0;0;191;0;5;0;0;191;0;5;0;0;191;0;5;0;0;191;0;5;0;0;191;0;5;0;0;191;0;5;0;0;191;0;5;0;0;191;0;5;0;0;191;0;5;0;0;191;0;5;0;0;191;0;5;0;0;191;0;5;0;0;191
;0;3;0;0;192;0;5;0;0;192;0;5;0;0;192;0;5;0;0;192;0;5;0;0;192;0;5;0;0;192;0;5;0;0;192;0;5;0;0;192;0;5;0;0;192;0;5;0;0;192;0;5;0;0;192;0;5;0;0;192;0;5;0;0;192;0;5;0;0;192;0;5;0;0;192
;0;3;0;0;193;0;5;0;0;193;0;5;0;0;193;0;5;0;0;193;0;5;0;0;193;0;5;0;0;193;0;5;0;0;193;0;5;0;0;193;0;5;0;0;193;0;5;0;0;193;0;5;0;0;193;0;5;0;0;193;0;5;0;0;193;0;5;0;0;193;0;5;0;0;193
;0;3;0;0;194;0;5;0;0;194;0;5;0;0;194;0;5;0;0;194;0;5;0;0;194;0;5;0;0;194;0;5;0;0;194;0;5;0;0;194;0;5;0;0;194;0;5;0;0;194;0;5;0;0;194;0;5;0;0;194;0;5;0;0;194;0;5;0;0;194;0;5;0;0;194
;0;3;0;0;195;0;5;0;0;195;0;5;0;0;195;0;5;0;0;195;0;5;0;0;195;0;5;0;0;195;0;5;0;0;195;0;5;0;0;195;0;5;0;0;195;0;5;0;0;195;0;5;0;0;195;0;5;0;0;195;0;5;0;0;195;0;5;0;0;195;0;5;0;0;195
;0;3;0;0;196;0;5;0;0;196;0;5;0;0;196;0;5;0;0;196;0;5;0;0;196;0;5;0;0;196;0;5;0;0;196;0;5;0;0;196;0;5;0;0;196;0;5;0;0;196;0;5;0;0;196;0;5;0;0;196;0;5;0;0;196;0;5;0;0;196;0;5;0;0;196
;0;3;0;0;197;0;5;0;0;197;0;5;0;0;197;0;5;0;0;197;0;5;0;0;197;0;5;0;0;197;0;5;0;0;197;0;5;0;0;197;0;5;0;0;197;0;5;0;0;197;0;5;0;0;197;0;5;0;0;197;0;5;0;0;197;0;5;0;0;197;0;5;0;0;197
;0;3;0;0;198;0;5;0;0;198;0;5;0;0;198;0;5;0;0;198;0;5;0;0;198;0;5;0;0;198;0;5;0;0;198;0;5;0;0;198;0;5;0;0;198;0;5;0;0;198;0;5;0;0;198;0;5;0;0;198;0;5;0;0;198;0;5;0;0;198;0;5;0;0;198
;0;3;0;0;199;0;5;0;0;199;0;5;0;0;199;0;5;0;0;199;0;5;0;0;199;0;5;0;0;199;0;5;0;0;199;0;5;0;0;199;0;5;0;0;199;0;5;0;0;199;0;5;0;0;199;0;5;0;0;199;0;5;0;0;199;0;5;0;0;199;0;5;0;0;199
;0;3;0;0;200;0;5;0;0;200;0;5;0;0;200;0;5;0;0;200;0;5;0;0;200;0;5;0;0;200;0;5;0;0;200;0;5;0;0;200;0;5;0;0;200;0;5;0;0;200;0;5;0;0;200;0;5;0;0;200;0;5;0;0;200;0;5;0;0;200;0;5;0;0;200
;0;3;0;0;201;0;5;0;0;201;0;5;0;0;201;0;5;0;0;201;0;5;0;0;201;0;5;0;0;201;0;5;0;0;201;0;5;0;0;201;0;5;0;0;201;0;5;0;0;201;0;5;0;0;201;0;5;0;0;201;0;5;0;0;201;0;5;0;0;201;0;5;0;0;201
;0;3;0;0;202;0;5;0;0;202;0;5;0;0;202;0;5;0;0;202;0;5;0;0;202;0;5;0;0;202;0;5;0;0;202;0;5;0;0;202;0;5;0;0;202;0;5;0;0;202;0;5;0;0;202;0;5;0;0;202;0;5;0;0;202;0;5;0;0;202;0;5;0;0;202
;0;3;0;0;203;0;5;0;0;203;0;5;0;0;203;0;5;0;0;203;0;5;0;0;203;0;5;0;0;203;0;5;0;0;203;0;5;0;0;203;0;5;0;0;203;0;5;0;0;203;0;5;0;0;203;0;5;0;0;203;0;5;0;0;203;0;5;0;0;203;0;5;0;0;203
;0;3;0;0;204;0;5;0;0;204;0;5;0;0;204;0;5;0;0;204;0;5;0;0;204;0;5;0;0;204;0;5;0;0;204;0;5;0;0;204;0;5;0;0;204;0;5;0;0;204;0;5;0;0;204;0;5;0;0;204;0;5;0;0;204;0;5;0;0;204;0;5;0;0;204
;0;3;0;0;205;0;5;0;0;205;0;5;0;0;205;0;5;0;0;205;0;5;0;0;205;0;5;0;0;205;0;5;0;0;205;0;5;0;0;205;0;5;0;0;205;0;5;0;0;205;0;5;0;0;205;0;5;0;0;205;0;5;0;0;205;0;5;0;0;205;0;5;0;0;205
;0;3;0;0;206;0;5;0;0;206;0;5;0;0;206;0;5;0;0;206;0;5;0;0;206;0;5;0;0;206;0;5;0;0;206;0;5;0;0;206;0;5;0;0;206;0;5;0;0;206;0;5;0;0;206;0;5;0;0;206;0;5;0;0;206;0;5;0;0;206;0;5;0;0;206
;0;3;0;0;207;0;5;0;0;207;0;5;0;0;207;0;5;0;0;207;0;5;0;0;207;0;5;0;0;207;0;5;0;0;207;0;5;0;0;207;0;5;0;0;207;0;5;0;0;207;0;5;0;0;207;0;5;0;0;207;0;5;0;0;207;0;5;0;0;207;0;5;0;0;207
;0;3;0;0;208;0;5;0;0;208;0;5;0;0;208;0;5;0;0;208;0;5;0;0;208;0;5;0;0;208;0;5;0;0;208;0;5;0;0;208;0;5;0;0;208;0;5;0;0;208;0;5;0;0;208;0;5;0;0;208;0;5;0;0;208;0;5;0;0;208;0;5;0;0;208
;0;3;0;0;209;0;5;0;0;209;0;5;0;0;209;0;5;0;0;209;0;5;0;0;209;0;5;0;0;209;0;5;0;0;209;0;5;0;0;209;0;5;0;0;209;0;5;0;0;209;0;5;0;0;209;0;5;0;0;209;0;5;0;0;209;0;5;0;0;209;0;5;0;0;209
;0;3;0;0;210;0;5;0;0;210;0;5;0;0;210;0;5;0;0;210;0;5;0;0;210;0;5;0;0;210;0;5;0;0;210;0;5;0;0;210;0;5;0;0;210;0;5;0;0;210;0;5;0;0;210;0;5;0;0;210;0;5;0;0;210;0;5;0;0;210;0;5;0;0;210
;0;3;0;0;211;0;5;0;0;211;0;5;0;0;211;0;5;0;0;211;0;5;0;0;211;0;5;0;0;211;0;5;0;0;211;0;5;0;0;211;0;5;0;0;211;0;5;0;0;211;0;5;0;0;211;0;5;0;0;211;0;5;0;0;211;0;5;0;0;211;0;5;0;0;211
;0;3;0;0;212;0;5;0;0;212;0;5;0;0;212;0;5;0;0;212;0;5;0;0;212;0;5;0;0;212;0;5;0;0;212;0;5;0;0;212;0;5;0;0;212;0;5;0;0;212;0;5;0;0;212;0;5;0;0;212;0;5;0;0;212;0;5;0;0;212;0;5;0;0;212
;0;3;0;0;213;0;5;0;0;213;0;5;0;0;213;0;5;0;0;213;0;5;0;0;213;0;5;0;0;213;0;5;0;0;213;0;5;0;0;213;0;5;0;0;213;0;5;0;0;213;0;5;0;0;213;0;5;0;0;213;0;5;0;0;213;0;5;0;0;213;0;5;0;0;213
;0;3;0;0;214;0;5;0;0;214;0;5;0;0;214;0;5;0;0;214;0;5;0;0;214;0;5;0;0;214;0;5;0;0;214;0;5;0;0;214;0;5;0;0;214;0;5;0;0;214;0;5;0;0;214;0;5;0;0;214;0;5;0;0;214;0;5;0;0;214;0;5;0;0;214
;0;3;0;0;215;0;5;0;0;215;0;5;0;0;215;0;5;0;0;215;0;5;0;0;215;0;5;0;0;215;0;5;0;0;215;0;5;0;0;215;0;5;0;0;215;0;5;0;0;215;0;5;0;0;215;0;5;0;0;215;0;5;0;0;215;0;5;0;0;215;0;5;0;0;215
;0;3;0;0;216;0;5;0;0;216;0;5;0;0;216;0;5;0;0;216;0;5;0;0;216;0;5;0;0;216;0;5;0;0;216;0;5;0;0;216;0;5;0;0;216;0;5;0;0;216;0;5;0;0;216;0;5;0;0;216;0;5;0;0;216;0;5;0;0;216;0;5;0;0;216
;0;3;0;0;217;0;5;0;0;217;0;5;0;0;217;0;5;0;0;217;0;5;0;0;217;0;5;0;0;217;0;5;0;0;217;0;5;0;0;217;0;5;0;0;217;0;5;0;0;217;0;5;0;0;217;0;5;0;0;217;0;5;0;0;217;0;5;0;0;217;0;5;0;0;217
;0;3;0;0;218;0;5;0;0;218;0;5;0;0;218;0;5;0;0;218;0;5;0;0;218;0;5;0;0;218;0;5;0;0;218;0;5;0;0;218;0;5;0;0;218;0;5;0;0;218;0;5;0;0;218;0;5;0;0;218;0;5;0;0;218;0;5;0;0;218;0;5;0;0;218
;0;3;0;0;219;0;5;0;0;219;0;5;0;0;219;0;5;0;0;219;0;5;0;0;219;0;5;0;0;219;0;5;0;0;219;0;5;0;0;219;0;5;0;0;219;0;5;0;0;219;0;5;0;0;219;0;5;0;0;219;0;5;0;0;219;0;5;0;0;219;0;5;0;0;219
;0;3;0;0;220;0;5;0;0;220;0;5;0;0;220;0;5;0;0;220;0;5;0;0;220;0;5;0;0;220;0;5;0;0;220;0;5;0;0;220;0;5;0;0;220;0;5;0;0;220;0;5;0;0;220;0;5;0;0;220;0;5;0;0;220;0;5;0;0;220;0;5;0;0;220
;0;3;0;0;221;0;5;0;0;221;0;5;0;0;221;0;5;0;0;221;0;5;0;0;221;0;5;0;0;221;0;5;0;0;221;0;5;0;0;221;0;5;0;0;221;0;5;0;0;221;0;5;0;0;221;0;5;0;0;221;0;5;0;0;221;0;5;0;0;221;0;5;0;0;221
;0;3;0;0;222;0;5;0;0;222;0;5;0;0;222;0;5;0;0;222;0;5;0;0;222;0;5;0;0;222;0;5;0;0;222;0;5;0;0;222;0;5;0;0;222;0;5;0;0;222;0;5;0;0;222;0;5;0;0;222;0;5;0;0;222;0;5;0;0;222;0;5;0;0;222
;0;3;0;0;223;0;5;0;0;223;0;5;0;0;223;0;5;0;0;223;0;5;0;0;223;0;5;0;0;223;0;5;0;0;223;0;5;0;0;223;0;5;0;0;223;0;5;0;0;223;0;5;0;0;223;0;5;0;0;223;0;5;0;0;223;0;5;0;0;223;0;5;0;0;223
;0;3;0;0;224;0;5;0;0;224;0;5;0;0;224;0;5;0;0;224;0;5;0;0;224;0;5;0;0;224;0;5;0;0;224;0;5;0;0;224;0;5;0;0;224;0;5;0;0;224;0;5;0;0;224;0;5;0;0;224;0;5;0;0;224;0;5;0;0;224;0;5;0;0;224
;0;3;0;0;225;0;5;0;0;225;0;5;0;0;225;0;5;0;0;225;0;5;0;0;225;0;5;0;0;225;0;5;0;0;225;0;5;0;0;225;0;5;0;0;225;0;5;0;0;225;0;5;0;0;225;0;5;0;0;225;0;5;0;0;225;0;5;0;0;225;0;5;0;0;225
;0;3;0;0;226;0;5;0;0;226;0;5;0;0;226;0;5;0;0;226;0;5;0;0;226;0;5;0;0;226;0;5;0;0;226;0;5;0;0;226;0;5;0;0;226;0;5;0;0;226;0;5;0;0;226;0;5;0;0;226;0;5;0;0;226;0;5;0;0;226;0;5;0;0;226
;0;3;0;0;227;0;5;0;0;227;0;5;0;0;227;0;5;0;0;227;0;5;0;0;227;0;5;0;0;227;0;5;0;0;227;0;5;0;0;227;0;5;0;0;227;0;5;0;0;227;0;5;0;0;227;0;5;0;0;227;0;5;0;0;227;0;5;0;0;227;0;5;0;0;227
;0;3;0;0;228;0;5;0;0;228;0;5;0;0;228;0;5;0;0;228;0;5;0;0;228;0;5;0;0;228;0;5;0;0;228;0;5;0;0;228;0;5;0;0;228;0;5;0;0;228;0;5;0;0;228;0;5;0;0;228;0;5;0;0;228;0;5;0;0;228;0;5;0;0;228
;0;3;0;0;229;0;5;0;0;229;0;5;0;0;229;0;5;0;0;229;0;5;0;0;229;0;5;0;0;229;0;5;0;0;229;0;5;0;0;229;0;5;0;0;229;0;5;0;0;229;0;5;0;0;229;0;5;0;0;229;0;5;0;0;229;0;5;0;0;229;0;5;0;0;229
;0;3;0;0;230;0;5;0;0;230;0;5;0;0;230;0;5;0;0;230;0;5;0;0;230;0;5;0;0;230;0;5;0;0;230;0;5;0;0;230;0;5;0;0;230;0;5;0;0;230;0;5;0;0;230;0;5;0;0;230;0;5;0;0;230;0;5;0;0;230;0;5;0;0;230
;0;3;0;0;231;0;5;0;0;231;0;5;0;0;231;0;5;0;0;231;0;5;0;0;231;0;5;0;0;231;0;5;0;0;231;0;5;0;0;231;0;5;0;0;231;0;5;0;0;231;0;5;0;0;231;0;5;0;0;231;0;5;0;0;231;0;5;0;0;231;0;5;0;0;231
;0;3;0;0;232;0;5;0;0;232;0;5;0;0;232;0;5;0;0;232;0;5;0;0;232;0;5;0;0;232;0;5;0;0;232;0;5;0;0;232;0;5;0;0;232;0;5;0;0;232;0;5;0;0;232;0;5;0;0;232;0;5;0;0;232;0;5;0;0;232;0;5;0;0;232
;0;3;0;0;233;0;5;0;0;233;0;5;0;0;233;0;5;0;0;233;0;5;0;0;233;0;5;0;0;233;0;5;0;0;233;0;5;0;0;233;0;5;0;0;233;0;5;0;0;233;0;5;0;0;233;0;5;0;0;233;0;5;0;0;233;0;5;0;0;233;0;5;0;0;233
;0;3;0;0;234;0;5;0;0;234;0;5;0;0;234;0;5;0;0;234;0;5;0;0;234;0;5;0;0;234;0;5;0;0;234;0;5;0;0;234;0;5;0;0;234;0;5;0;0;234;0;5;0;0;234;0;5;0;0;234;0;5;0;0;234;0;5;0;0;234;0;5;0;0;234
;0;3;0;0;235;0;5;0;0;235;0;5;0;0;235;0;5;0;0;235;0;5;0;0;235;0;5;0;0;235;0;5;0;0;235;0;5;0;0;235;0;5;0;0;235;0;5;0;0;235;0;5;0;0;235;0;5;0;0;235;0;5;0;0;235;0;5;0;0;235;0;5;0;0;235
;0;3;0;0;236;0;5;0;0;236;0;5;0;0;236;0;5;0;0;236;0;5;0;0;236;0;5;0;0;236;0;5;0;0;236;0;5;0;0;236;0;5;0;0;236;0;5;0;0;236;0;5;0;0;236;0;5;0;0;236;0;5;0;0;236;0;5;0;0;236;0;5;0;0;236
;0;3;0;0;237;0;5;0;0;237;0;5;0;0;237;0;5;0;0;237;0;5;0;0;237;0;5;0;0;237;0;5;0;0;237;0;5;0;0;237;0;5;0;0;237;0;5;0;0;237;0;5;0;0;237;0;5;0;0;237;0;5;0;0;237;0;5;0;0;237;0;5;0;0;237
;0;3;0;0;238;0;5;0;0;238;0;5;0;0;238;0;5;0;0;238;0;5;0;0;238;0;5;0;0;238;0;5;0;0;238;0;5;0;0;238;0;5;0;0;238;0;5;0;0;238;0;5;0;0;238;0;5;0;0;238;0;5;0;0;238;0;5;0;0;238;0;5;0;0;238
;0;3;0;0;239;0;5;0;0;239;0;5;0;0;239;0;5;0;0;239;0;5;0;0;239;0;5;0;0;239;0;5;0;0;239;0;5;0;0;239;0;5;0;0;239;0;5;0;0;239;0;5;0;0;239;0;5;0;0;239;0;5;0;0;239;0;5;0;0;239;0;5;0;0;239
;0;3;0;0;240;0;5;0;0;240;0;5;0;0;240;0;5;0;0;240;0;5;0;0;240;0;5;0;0;240;0;5;0;0;240;0;5;0;0;240;0;5;0;0;240;0;5;0;0;240;0;5;0;0;240;0;5;0;0;240;0;5;0;0;240;0;5;0;0;240;0;5;0;0;240
;0;3;0;0;241;0;5;0;0;241;0;5;0;0;241;0;5;0;0;241;0;5;0;0;241;0;5;0;0;241;0;5;0;0;241;0;5;0;0;241;0;5;0;0;241;0;5;0;0;241;0;5;0;0;241;0;5;0;0;241;0;5;0;0;241;0;5;0;0;241;0;5;0;0;241
;0;3;0;0;242;0;5;0;0;242;0;5;0;0;242;0;5;0;0;242;0;5;0;0;242;0;5;0;0;242;0;5;0;0;242;0;5;0;0;242;0;5;0;0;242;0;5;0;0;242;0;5;0;0;242;0;5;0;0;242;0;5;0;0;242;0;5;0;0;242;0;5;0;0;242
;0;3;0;0;243;0;5;0;0;243;0;5;0;0;243;0;5;0;0;243;0;5;0;0;243;0;5;0;0;243;0;5;0;0;243;0;5;0;0;243;0;5;0;0;243;0;5;0;0;243;0;5;0;0;243;0;5;0;0;243;0;5;0;0;243;0;5;0;0;243;0;5;0;0;243
;0;3;0;0;244;0;5;0;0;244;0;5;0;0;244;0;5;0;0;244;0;5;0;0;244;0;5;0;0;244;0;5;0;0;244;0;5;0;0;244;0;5;0;0;244;0;5;0;0;244;0;5;0;0;244;0;5;0;0;244;0;5;0;0;244;0;5;0;0;244;0;5;0;0;244
;0;3;0;0;245;0;5;0;0;245;0;5;0;0;245;0;5;0;0;245;0;5;0;0;245;0;5;0;0;245;0;5;0;0;245;0;5;0;0;245;0;5;0;0;245;0;5;0;0;245;0;5;0;0;245;0;5;0;0;245;0;5;0;0;245;0;5;0;0;245;0;5;0;0;245
;0;3;0;0;246;0;5;0;0;246;0;5;0;0;246;0;5;0;0;246;0;5;0;0;246;0;5;0;0;246;0;5;0;0;246;0;5;0;0;246;0;5;0;0;246;0;5;0;0;246;0;5;0;0;246;0;5;0;0;246;0;5;0;0;246;0;5;0;0;246;0;5;0;0;246
;0;3;0;0;247;0;5;0;0;247;0;5;0;0;247;0;5;0;0;247;0;5;0;0;247;0;5;0;0;247;0;5;0;0;247;0;5;0;0;247;0;5;0;0;247;0;5;0;0;247;0;5;0;0;247;0;5;0;0;247;0;5;0;0;247;0;5;0;0;247;0;5;0;0;247
;0;3;0;0;248;0;5;0;0;248;0;5;0;0;248;0;5;0;0;248;0;5;0;0;248;0;5;0;0;248;0;5;0;0;248;0;5;0;0;248;0;5;0;0;248;0;5;0;0;248;0;5;0;0;248;0;5;0;0;248;0;5;0;0;248;0;5;0;0;248;0;5;0;0;248
;0;3;0;0;249;0;5;0;0;249;0;5;0;0;249;0;5;0;0;249;0;5;0;0;249;0;5;0;0;249;0;5;0;0;249;0;5;0;0;249;0;5;0;0;249;0;5;0;0;249;0;5;0;0;249;0;5;0;0;249;0;5;0;0;249;0;5;0;0;249;0;5;0;0;249
;0;3;0;0;250;0;5;0;0;250;0;5;0;0;250;0;5;0;0;250;0;5;0;0;250;0;5;0;0;250;0;5;0;0;250;0;5;0;0;250;0;5;0;0;250;0;5;0;0;250;0;5;0;0;250;0;5;0;0;250;0;5;0;0;250;0;5;0;0;250;0;5;0;0;250
;0;3;0;0;251;0;5;0;0;251;0;5;0;0;251;0;5;0;0;251;0;5;0;0;251;0;5;0;0;251;0;5;0;0;251;0;5;0;0;251;0;5;0;0;251;0;5;0;0;251;0;5;0;0;251;0;5;0;0;251;0;5;0;0;251;0;5;0;0;251;0;5;0;0;251
;0;3;0;0;252;0;5;0;0;252;0;5;0;0;252;0;5;0;0;252;0;5;0;0;252;0;5;0;0;252;0;5;0;0;252;0;5;0;0;252;0;5;0;0;252;0;5;0;0;252;0;5;0;0;252;0;5;0;0;252;0;5;0;0;252;0;5;0;0;252;0;5;0;0;252
;0;3;0;0;253;0;5;0;0;253;0;5;0;0;253;0;5;0;0;253;0;5;0;0;253;0;5;0;0;253;0;5;0;0;253;0;5;0;0;253;0;5;0;0;253;0;5;0;0;253;0;5;0;0;253;0;5;0;0;253;0;5;0;0;253;0;5;0;0;253;0;5;0;0;253
;0;3;0;0;254;0;5;0;0;254;0;5;0;0;254;0;5;0;0;254;0;5;0;0;254;0;5;0;0;254;0;5;0;0;254;0;5;0;0;254;0;5;0;0;254;0;5;0;0;254;0;5;0;0;254;0;5;0;0;254;0;5;0;0;254;0;5;0;0;254;0;5;0;0;254
;0;3;0;0;255;0;5;0;0;255;0;5;0;0;255;0;5;0;0;255;0;5;0;0;255;0;5;0;0;255;0;5;0;0;255;0;5;0;0;255;0;5;0;0;255;0;5;0;0;255;0;5;0;0;255;0;5;0;0;255;0;5;0;0;255;0;5;0;0;255;0;5;0;0;255
;0;3;0;0;256;0;5;0;0;256;0;5;0;0;256;0;5;0;0;256;0;5;0;0;256;0;5;0;0;256;0;5;0;0;256;0;5;0;0;256;0;5;0;0;256;0;5;0;0;256;0;5;0;0;256;0;5;0;0;256;0;5;0;0;256;0;5;0;0;256;0;5;0;0;256
;0;3;0;0;257;0;5;0;0;257;0;5;0;0;257;0;5;0;0;257;0;5;0;0;257;0;5;0;0;257;0;5;0;0;257;0;5;0;0;257;0;5;0;0;257;0;5;0;0;257;0;5;0;0;257;0;5;0;0;257;0;5;0;0;257;0;5;0;0;257;0;5;0;0;257
;0;3;0;0;258;0;5;0;0;258;0;5;0;0;258;0;5;0;0;258;0;5;0;0;258;0;5;0;0;258;0;5;0;0;258;0;5;0;0;258;0;5;0;0;258;0;5;0;0;258;0;5;0;0;258;0;5;0;0;258;0;5;0;0;258;0;5;0;0;258;0;5;0;0;258
;0;3;0;0;259;0;5;0;0;259;0;5;0;0;259;0;5;0;0;259;0;5;0;0;259;0;5;0;0;259;0;5;0;0;259;0;5;0;0;259;0;5;0;0;259;0;5;0;0;259;0;5;0;0;259;0;5;0;0;259;0;5;0;0;259;0;5;0;0;259;0;5;0;0;259
;0;3;0;0;260;0;5;0;0;260;0;5;0;0;260;0;5;0;0;260;0;5;0;0;260;0;5;0;0;260;0;5;0;0;260;0;5;0;0;260;0;5;0;0;260;0;5;0;0;260;0;5;0;0;260;0;5;0;0;260;0;5;0;0;260;0;5;0;0;260;0;5;0;0;260
;0;3;0;0;261;0;5;0;0;261;0;5;0;0;261;0;5;0;0;261;0;5;0;0;261;0;5;0;0;261;0;5;0;0;261;0;5;0;0;261;0;5;0;0;261;0;5;0;0;261;0;5;0;0;261;0;5;0;0;261;0;5;0;0;261;0;5;0;0;261;0;5;0;0;261
;0;3;0;0;262;0;5;0;0;262;0;5;0;0;262;0;5;0;0;262;0;5;0;0;262;0;5;0;0;262;0;5;0;0;262;0;5;0;0;262;0;5;0;0;262;0;5;0;0;262;0;5;0;0;262;0;5;0;0;262;0;5;0;0;262;0;5;0;0;262;0;5;0;0;262
;0;3;0;0;263;0;5;0;0;263;0;5;0;0;263;0;5;0;0;263;0;5;0;0;263;0;5;0;0;263;0;5;0;0;263;0;5;0;0;263;0;5;0;0;263;0;5;0;0;263;0;5;0;0;263;0;5;0;0;263;0;5;0;0;263;0;5;0;0;263;0;5;0;0;263
;0;3;0;0;264;0;5;0;0;264;0;5;0;0;264;0;5;0;0;264;0;5;0;0;264;0;5;0;0;264;0;5;0;0;264;0;5;0;0;264;0;5;0;0;264;0;5;0;0;264;0;5;0;0;264;0;5;0;0;264;0;5;0;0;264;0;5;0;0;264;0;5;0;0;264
;0;3;0;0;265;0;5;0;0;265;0;5;0;0;265;0;5;0;0;265;0;5;0;0;265;0;5;0;0;265;0;5;0;0;265;0;5;0;0;265;0;5;0;0;265;0;5;0;0;265;0;5;0;0;265;0;5;0;0;265;0;5;0;0;265;0;5;0;0;265;0;5;0;0;265
;0;3;0;0;266;0;5;0;0;266;0;5;0;0;266;0;5;0;0;266;0;5;0;0;266;0;5;0;0;266;0;5;0;0;266;0;5;0;0;266;0;5;0;0;266;0;5;0;0;266;0;5;0;0;266;0;5;0;0;266;0;5;0;0;266;0;5;0;0;266;0;5;0;0;266
;0;3;0;0;267;0;5;0;0;267;0;5;0;0;267;0;5;0;0;267;0;5;0;0;267;0;5;0;0;267;0;5;0;0;267;0;5;0;0;267;0;5;0;0;267;0;5;0;0;267;0;5;0;0;267;0;5;0;0;267;0;5;0;0;267;0;5;0;0;267;0;5;0;0;267
;0;3;0;0;268;0;5;0;0;268;0;5;0;0;268;0;5;0;0;268;0;5;0;0;268;0;5;0;0;268;0;5;0;0;268;0;5;0;0;268;0;5;0;0;268;0;5;0;0;268;0;5;0;0;268;0;5;0;0;268;0;5;0;0;268;0;5;0;0;268;0;5;0;0;268
;0;3;0;0;269;0;5;0;0;269;0;5;0;0;269;0;5;0;0;269;0;5;0;0;269;0;5;0;0;269;0;5;0;0;269;0;5;0;0;269;0;5;0;0;269;0;5;0;0;269;0;5;0;0;269;0;5;0;0;269;0;5;0;0;269;0;5;0;0;269;0;5;0;0;269
;0;3;0;0;270;0;5;0;0;270;0;5;0;0;270;0;5;0;0;270;0;5;0;0;270;0;5;0;0;270;0;5;0;0;270;0;5;0;0;270;0;5;0;0;270;0;5;0;0;270;0;5;0;0;270;0;5;0;0;270;0;5;0;0;270;0;5;0;0;270;0;5;0;0;270
;0;3;0;0;271;0;5;0;0;271;0;5;0;0;271;0;5;0;0;271;0;5;0;0;271;0;5;0;0;271;0;5;0;0;271;0;5;0;0;271;0;5;0;0;271;0;5;0;0;271;0;5;0;0;271;0;5;0;0;271;0;5;0;0;271;0;5;0;0;271;0;5;0;0;271
;0;3;0;0;272;0;5;0;0;272;0;5;0;0;272;0;5;0;0;272;0;5;0;0;272;0;5;0;0;272;0;5;0;0;272;0;5;0;0;272;0;5;0;0;272;0;5;0;0;272;0;5;0;0;272;0;5;0;0;272;0;5;0;0;272;0;5;0;0;272;0;5;0;0;272
;0;3;0;0;273;0;5;0;0;273;0;5;0;0;273;0;5;0;0;273;0;5;0;0;273;0;5;0;0;273;0;5;0;0;273;0;5;0;0;273;0;5;0;0;273;0;5;0;0;273;0;5;0;0;273;0;5;0;0;273;0;5;0;0;273;0;5;0;0;273;0;5;0;0;273
;0;3;0;0;274;0;5;0;0;274;0;5;0;0;274;0;5;0;0;274;0;5;0;0;274;0;5;0;0;274;0;5;0;0;274;0;5;0;0;274;0;5;0;0;274;0;5;0;0;274;0;5;0;0;274;0;5;0;0;274;0;5;0;0;274;0;5;0;0;274;0;5;0;0;274
;0;3;0;0;275;0;5;0;0;275;0;5;0;0;275;0;5;0;0;275;0;5;0;0;275;0;5;0;0;275;0;5;0;0;275;0;5;0;0;275;0;5;0;0;275;0;5;0;0;275;0;5;0;0;275;0;5;0;0;275;0;5;0;0;275;0;5;0;0;275;0;5;0;0;275
;0;3;0;0;276;0;5;0;0;276;0;5;0;0;276;0;5;0;0;276;0;5;0;0;276;0;5;0;0;276;0;5;0;0;276;0;5;0;0;276;0;5;0;0;276;0;5;0;0;276;0;5;0;0;276;0;5;0;0;276;0;5;0;0;276;0;5;0;0;276;0;5;0;0;276
;0;3;0;0;277;0;5;0;0;277;0;5;0;0;277;0;5;0;0;277;0;5;0;0;277;0;5;0;0;277;0;5;0;0;277;0;5;0;0;277;0;5;0;0;277;0;5;0;0;277;0;5;0;0;277;0;5;0;0;277;0;5;0;0;277;0;5;0;0;277;0;5;0;0;277
;0;3;0;0;278;0;5;0;0;278;0;5;0;0;278;0;5;0;0;278;0;5;0;0;278;0;5;0;0;278;0;5;0;0;278;0;5;0;0;278;0;5;0;0;278;0;5;0;0;278;0;5;0;0;278;0;5;0;0;278;0;5;0;0;278;0;5;0;0;278;0;5;0;0;278
;0;3;0;0;279;0;5;0;0;279;0;5;0;0;279;0;5;0;0;279;0;5;0;0;279;0;5;0;0;279;0;5;0;0;279;0;5;0;0;279;0;5;0;0;279;0;5;0;0;279;0;5;0;0;279;0;5;0;0;279;0;5;0;0;279;0;5;0;0;279;0;5;0;0;279
;0;3;0;0;280;0;5;0;0;280;0;5;0;0;280;0;5;0;0;280;0;5;0;0;280;0;5;0;0;280;0;5;0;0;280;0;5;0;0;280;0;5;0;0;280;0;5;0;0;280;0;5;0;0;280;0;5;0;0;280;0;5;0;0;280;0;5;0;0;280;0;5;0;0;280
;0;3;0;0;281;0;5;0;0;281;0;5;0;0;281;0;5;0;0;281;0;5;0;0;281;0;5;0;0;281;0;5;0;0;281;0;5;0;0;281;0;5;0;0;281;0;5;0;0;281;0;5;0;0;281;0;5;0;0;281;0;5;0;0;281;0;5;0;0;281;0;5;0;0;281
;0;3;0;0;282;0;5;0;0;282;0;5;0;0;282;0;5;0;0;282;0;5;0;0;282;0;5;0;0;282;0;5;0;0;282;0;5;0;0;282;0;5;0;0;282;0;5;0;0;282;0;5;0;0;282;0;5;0;0;282;0;5;0;0;282;0;5;0;0;282;0;5;0;0;282
;0;3;0;0;283;0;5;0;0;283;0;5;0;0;283;0;5;0;0;283;0;5;0;0;283;0;5;0;0;283;0;5;0;0;283;0;5;0;0;283;0;5;0;0;283;0;5;0;0;283;0;5;0;0;283;0;5;0;0;283;0;5;0;0;283;0;5;0;0;283;0;5;0;0;283
;0;3;0;0;284;0;5;0;0;284;0;5;0;0;284;0;5;0;0;284;0;5;0;0;284;0;5;0;0;284;0;5;0;0;284;0;5;0;0;284;0;5;0;0;284;0;5;0;0;284;0;5;0;0;284;0;5;0;0;284;0;5;0;0;284;0;5;0;0;284;0;5;0;0;284
;0;3;0;0;285;0;5;0;0;285;0;5;0;0;285;0;5;0;0;285;0;5;0;0;285;0;5;0;0;285;0;5;0;0;285;0;5;0;0;285;0;5;0;0;285;0;5;0;0;285;0;5;0;0;285;0;5;0;0;285;0;5;0;0;285;0;5;0;0;285;0;5;0;0;285
;0;3;0;0;286;0;5;0;0;286;0;5;0;0;286;0;5;0;0;286;0;5;0;0;286;0;5;0;0;286;0;5;0;0;286;0;5;0;0;286;0;5;0;0;286;0;5;0;0;286;0;5;0;0;286;0;5;0;0;286;0;5;0;0;286;0;5;0;0;286;0;5;0;0;286
;0;3;0;0;287;0;5;0;0;287;0;5;0;0;287;0;5;0;0;287;0;5;0;0;287;0;5;0;0;287;0;5;0;0;287;0;5;0;0;287;0;5;0;0;287;0;5;0;0;287;0;5;0;0;287;0;5;0;0;287;0;5;0;0;287;0;5;0;0;287;0;5;0;0;287
;0;3;0;0;288;0;5;0;0;288;0;5;0;0;288;0;5;0;0;288;0;5;0;0;288;0;5;0;0;288;0;5;0;0;288;0;5;0;0;288;0;5;0;0;288;0;5;0;0;288;0;5;0;0;288;0;5;0;0;288;0;5;0;0;288;0;5;0;0;288;0;5;0;0;288
;0;3;0;0;289;0;5;0;0;289;0;5;0;0;289;0;5;0;0;289;0;5;0;0;289;0;5;0;0;289;0;5;0;0;289;0;5;0;0;289;0;5;0;0;289;0;5;0;0;289;0;5;0;0;289;0;5;0;0;289;0;5;0;0;289;0;5;0;0;289;0;5;0;0;289
;0;3;0;0;290;0;5;0;0;290;0;5;0;0;290;0;5;0;0;290;0;5;0;0;290;0;5;0;0;290;0;5;0;0;290;0;5;0;0;290;0;5;0;0;290;0;5;0;0;290;0;5;0;0;290;0;5;0;0;290;0;5;0;0;290;0;5;0;0;290;0;5;0;0;290
;0;3;0;0;291;0;5;0;0;291;0;5;0;0;291;0;5;0;0;291;0;5;0;0;291;0;5;0;0;291;0;5;0;0;291;0;5;0;0;291;0;5;0;0;291;0;5;0;0;291;0;5;0;0;291;0;5;0;0;291;0;5;0;0;291;0;5;0;0;291;0;5;0;0;291
;0;3;0;0;292;0;5;0;0;292;0;5;0;0;292;0;5;0;0;292;0;5;0;0;292;0;5;0;0;292;0;5;0;0;292;0;5;0;0;292;0;5;0;0;292;0;5;0;0;292;0;5;0;0;292;0;5;0;0;292;0;5;0;0;292;0;5;0;0;292;0;5;0;0;292
;0;3;0;0;293;0;5;0;0;293;0;5;0;0;293;0;5;0;0;293;0;5;0;0;293;0;5;0;0;293;0;5;0;0;293;0;5;0;0;293;0;5;0;0;293;0;5;0;0;293;0;5;0;0;293;0;5;0;0;293;0;5;0;0;293;0;5;0;0;293;0;5;0;0;293
;0;3;0;0;294;0;5;0;0;294;0;5;0;0;294;0;5;0;0;294;0;5;0;0;294;0;5;0;0;294;0;5;0;0;294;0;5;0;0;294;0;5;0;0;294;0;5;0;0;294;0;5;0;0;294;0;5;0;0;294;0;5;0;0;294;0;5;0;0;294;0;5;0;0;294
;0;3;0;0;295;0;5;0;0;295;0;5;0;0;295;0;5;0;0;295;0;5;0;0;295;0;5;0;0;295;0;5;0;0;295;0;5;0;0;295;0;5;0;0;295;0;5;0;0;295;0;5;0;0;295;0;5;0;0;295;0;5;0;0;295;0;5;0;0;295;0;5;0;0;295
;0;3;0;0;296;0;5;0;0;296;0;5;0;0;296;0;5;0;0;296;0;5;0;0;296;0;5;0;0;296;0;5;0;0;296;0;5;0;0;296;0;5;0;0;296;0;5;0;0;296;0;5;0;0;296;0;5;0;0;296;0;5;0;0;296;0;5;0;0;296;0;5;0;0;296
;0;3;0;0;297;0;5;0;0;297;0;5;0;0;297;0;5;0;0;297;0;5;0;0;297;0;5;0;0;297;0;5;0;0;297;0;5;0;0;297;0;5;0;0;297;0;5;0;0;297;0;5;0;0;297;0;5;0;0;297;0;5;0;0;297;0;5;0;0;297;0;5;0;0;297
;0;3;0;0;298;0;5;0;0;298;0;5;0;0;298;0;5;0;0;298;0;5;0;0;298;0;5;0;0;298;0;5;0;0;298;0;5;0;0;298;0;5;0;0;298;0;5;0;0;298;0;5;0;0;298;0;5;0;0;298;0;5;0;0;298;0;5;0;0;298;0;5;0;0;298
;0;3;0;0;299;0;5;0;0;299;0;5;0;0;299;0;5;0;0;299;0;5;0;0;299;0;5;0;0;299;0;5;0;0;299;0;5;0;0;299;0;5;0;0;299;0;5;0;0;299;0;5;0;0;299;0;5;0;0;299;0;5;0;0;299;0;5;0;0;299;0;5;0;0;299
;0;3;0;0;300;0;5;0;0;300;0;5;0;0;300;0;5;0;0;300;0;5;0;0;300;0;5;0;0;300;0;5;0;0;300;0;5;0;0;300;0;5;0;0;300;0;5;0;0;300;0;5;0;0;300;0;5;0;0;300;0;5;0;0;300;0;5;0;0;300;0;5;0;0;300
;0;3;0;0;301;0;5;0;0;301;0;5;0;0;301;0;5;0;0;301;0;5;0;0;301;0;5;0;0;301;0;5;0;0;301;0;5;0;0;301;0;5;0;0;301;0;5;0;0;301;0;5;0;0;301;0;5;0;0;301;0;5;0;0;301;0;5;0;0;301;0;5;0;0;301
;0;3;0;0;302;0;5;0;0;302;0;5;0;0;302;0;5;0;0;302;0;5;0;0;302;0;5;0;0;302;0;5;0;0;302;0;5;0;0;302;0;5;0;0;302;0;5;0;0;302;0;5;0;0;302;0;5;0;0;302;0;5;0;0;302;0;5;0;0;302;0;5;0;0;302
;0;3;0;0;303;0;5;0;0;303;0;5;0;0;303;0;5;0;0;303;0;5;0;0;303;0;5;0;0;303;0;5;0;0;303;0;5;0;0;303;0;5;0;0;303;0;5;0;0;303;0;5;0;0;303;0;5;0;0;303;0;5;0;0;303;0;5;0;0;303;0;5;0;0;303
;0;3;0;0;304;0;5;0;0;304;0;5;0;0;304;0;5;0;0;304;0;5;0;0;304;0;5;0;0;304;0;5;0;0;304;0;5;0;0;304;0;5;0;0;304;0;5;0;0;304;0;5;0;0;304;0;5;0;0;304;0;5;0;0;304;0;5;0;0;304;0;5;0;0;304
;0;3;0;0;305;0;5;0;0;305;0;5;0;0;305;0;5;0;0;305;0;5;0;0;305;0;5;0;0;305;0;5;0;0;305;0;5;0;0;305;0;5;0;0;305;0;5;0;0;305;0;5;0;0;305;0;5;0;0;305;0;5;0;0;305;0;5;0;0;305;0;5;0;0;305
;0;3;0;0;306;0;5;0;0;306;0;5;0;0;306;0;5;0;0;306;0;5;0;0;306;0;5;0;0;306;0;5;0;0;306;0;5;0;0;306;0;5;0;0;306;0;5;0;0;306;0;5;0;0;306;0;5;0;0;306;0;5;0;0;306;0;5;0;0;306;0;5;0;0;306
;0;3;0;0;307;0;5;0;0;307;0;5;0;0;307;0;5;0;0;307;0;5;0;0;307;0;5;0;0;307;0;5;0;0;307;0;5;0;0;307;0;5;0;0;307;0;5;0;0;307;0;5;0;0;307;0;5;0;0;307;0;5;0;0;307;0;5;0;0;307;0;5;0;0;307
;0;3;0;0;308;0;5;0;0;308;0;5;0;0;308;0;5;0;0;308;0;5;0;0;308;0;5;0;0;308;0;5;0;0;308;0;5;0;0;308;0;5;0;0;308;0;5;0;0;308;0;5;0;0;308;0;5;0;0;308;0;5;0;0;308;0;5;0;0;308;0;5;0;0;308
;0;3;0;0;309;0;5;0;0;309;0;5;0;0;309;0;5;0;0;309;0;5;0;0;309;0;5;0;0;309;0;5;0;0;309;0;5;0;0;309;0;5;0;0;309;0;5;0;0;309;0;5;0;0;309;0;5;0;0;309;0;5;0;0;309;0;5;0;0;309;0;5;0;0;309
;0;3;0;0;310;0;5;0;0;310;0;5;0;0;310;0;5;0;0;310;0;5;0;0;310;0;5;0;0;310;0;5;0;0;310;0;5;0;0;310;0;5;0;0;310;0;5;0;0;310;0;5;0;0;310;0;5;0;0;310;0;5;0;0;310;0;5;0;0;310;0;5;0;0;310
;0;3;0;0;311;0;5;0;0;311;0;5;0;0;311;0;5;0;0;311;0;5;0;0;311;0;5;0;0;311;0;5;0;0;311;0;5;0;0;311;0;5;0;0;311;0;5;0;0;311;0;5;0;0;311;0;5;0;0;311;0;5;0;0;311;0;5;0;0;311;0;5;0;0;311
;0;3;0;0;312;0;5;0;0;312;0;5;0;0;312;0;5;0;0;312;0;5;0;0;312;0;5;0;0;312;0;5;0;0;312;0;5;0;0;312;0;5;0;0;312;0;5;0;0;312;0;5;0;0;312;0;5;0;0;312;0;5;0;0;312;0;5;0;0;312;0;5;0;0;312
;0;3;0;0;313;0;5;0;0;313;0;5;0;0;313;0;5;0;0;313;0;5;0;0;313;0;5;0;0;313;0;5;0;0;313;0;5;0;0;313;0;5;0;0;313;0;5;0;0;313;0;5;0;0;313;0;5;0;0;313;0;5;0;0;313;0;5;0;0;313;0;5;0;0;313
;0;3;0;0;314;0;5;0;0;314;0;5;0;0;314;0;5;0;0;314;0;5;0;0;314;0;5;0;0;314;0;5;0;0;314;0;5;0;0;314;0;5;0;0;314;0;5;0;0;314;0;5;0;0;314;0;5;0;0;314;0;5;0;0;314;0;5;0;0;314;0;5;0;0;314
;0;3;0;0;315;0;5;0;0;315;0;5;0;0;315;0;5;0;0;315;0;5;0;0;315;0;5;0;0;315;0;5;0;0;315;0;5;0;0;315;0;5;0;0;315;0;5;0;0;315;0;5;0;0;315;0;5;0;0;315;0;5;0;0;315;0;5;0;0;315;0;5;0;0;315
;0;3;0;0;316;0;5;0;0;316;0;5;0;0;316;0;5;0;0;316;0;5;0;0;316;0;5;0;0;316;0;5;0;0;316;0;5;0;0;316;0;5;0;0;316;0;5;0;0;316;0;5;0;0;316;0;5;0;0;316;0;5;0;0;316;0;5;0;0;316;0;5;0;0;316
;0;3;0;0;317;0;5;0;0;317;0;5;0;0;317;0;5;0;0;317;0;5;0;0;317;0;5;0;0;317;0;5;0;0;317;0;5;0;0;317;0;5;0;0;317;0;5;0;0;317;0;5;0;0;317;0;5;0;0;317;0;5;0;0;317;0;5;0;0;317;0;5;0;0;317
;0;3;0;0;318;0;5;0;0;318;0;5;0;0;318;0;5;0;0;318;0;5;0;0;318;0;5;0;0;318;0;5;0;0;318;0;5;0;0;318;0;5;0;0;318;0;5;0;0;318;0;5;0;0;318;0;5;0;0;318;0;5;0;0;318;0;5;0;0;318;0;5;0;0;318
;0;3;0;0;319;0;5;0;0;319;0;5;0;0;319;0;5;0;0;319;0;5;0;0;319;0;5;0;0;319;0;5;0;0;319;0;5;0;0;319;0;5;0;0;319;0;5;0;0;319;0;5;0;0;319;0;5;0;0;319;0;5;0;0;319;0;5;0;0;319;0;5;0;0;319
;0;3;0;0;320;0;5;0;0;320;0;5;0;0;320;0;5;0;0;320;0;5;0;0;320;0;5;0;0;320;0;5;0;0;320;0;5;0;0;320;0;5;0;0;320;0;5;0;0;320;0;5;0;0;320;0;5;0;0;320;0;5;0;0;320;0;5;0;0;320;0;5;0;0;320
;0;3;0;0;321;0;5;0;0;321;0;5;0;0;321;0;5;0;0;321;0;5;0;0;321;0;5;0;0;321;0;5;0;0;321;0;5;0;0;321;0;5;0;0;321;0;5;0;0;321;0;5;0;0;321;0;5;0;0;321;0;5;0;0;321;0;5;0;0;321;0;5;0;0;321
;0;3;0;0;322;0;5;0;0;322;0;5;0;0;322;0;5;0;0;322;0;5;0;0;322;0;5;0;0;322;0;5;0;0;322;0;5;0;0;322;0;5;0;0;322;0;5;0;0;322;0;5;0;0;322;0;5;0;0;322;0;5;0;0;322;0;5;0;0;322;0;5;0;0;322
;0;3;0;0;323;0;5;0;0;323;0;5;0;0;323;0;5;0;0;323;0;5;0;0;323;0;5;0;0;323;0;5;0;0;323;0;5;0;0;323;0;5;0;0;323;0;5;0;0;323;0;5;0;0;323;0;5;0;0;323;0;5;0;0;323;0;5;0;0;323;0;5;0;0;323
;0;3;0;0;324;0;5;0;0;324;0;5;0;0;324;0;5;0;0;324;0;5;0;0;324;0;5;0;0;324;0;5;0;0;324;0;5;0;0;324;0;5;0;0;324;0;5;0;0;324;0;5;0;0;324;0;5;0;0;324;0;5;0;0;324;0;5;0;0;324;0;5;0;0;324
;0;3;0;0;325;0;5;0;0;325;0;5;0;0;325;0;5;0;0;325;0;5;0;0;325;0;5;0;0;325;0;5;0;0;325;0;5;0;0;325;0;5;0;0;325;0;5;0;0;325;0;5;0;0;325;0;5;0;0;325;0;5;0;0;325;0;5;0;0;325;0;5;0;0;325
;0;3;0;0;326;0;5;0;0;326;0;5;0;0;326;0;5;0;0;326;0;5;0;0;326;0;5;0;0;326;0;5;0;0;326;0;5;0;0;326;0;5;0;0;326;0;5;0;0;326;0;5;0;0;326;0;5;0;0;326;0;5;0;0;326;0;5;0;0;326;0;5;0;0;326
;0;3;0;0;327;0;5;0;0;327;0;5;0;0;327;0;5;0;0;327;0;5;0;0;327;0;5;0;0;327;0;5;0;0;327;0;5;0;0;327;0;5;0;0;327;0;5;0;0;327;0;5;0;0;327;0;5;0;0;327;0;5;0;0;327;0;5;0;0;327;0;5;0;0;327
;0;3;0;0;328;0;5;0;0;328;0;5;0;0;328;0;5;0;0;328;0;5;0;0;328;0;5;0;0;328;0;5;0;0;328;0;5;0;0;328;0;5;0;0;328;0;5;0;0;328;0;5;0;0;328;0;5;0;0;328;0;5;0;0;328;0;5;0;0;328;0;5;0;0;328
;0;3;0;0;329;0;5;0;0;329;0;5;0;0;329;0;5;0;0;329;0;5;0;0;329;0;5;0;0;329;0;5;0;0;329;0;5;0;0;329;0;5;0;0;329;0;5;0;0;329;0;5;0;0;329;0;5;0;0;329;0;5;0;0;329;0;5;0;0;329;0;5;0;0;329
;0;3;0;0;330;0;5;0;0;330;0;5;0;0;330;0;5;0;0;330;0;5;0;0;330;0;5;0;0;330;0;5;0;0;330;0;5;0;0;330;0;5;0;0;330;0;5;0;0;330;0;5;0;0;330;0;5;0;0;330;0;5;0;0;330;0;5;0;0;330;0;5;0;0;330
;0;3;0;0;331;0;5;0;0;331;0;5;0;0;331;0;5;0;0;331;0;5;0;0;331;0;5;0;0;331;0;5;0;0;331;0;5;0;0;331;0;5;0;0;331;0;5;0;0;331;0;5;0;0;331;0;5;0;0;331;0;5;0;0;331;0;5;0;0;331;0;5;0;0;331
;0;3;0;0;332;0;5;0;0;332;0;5;0;0;332;0;5;0;0;332;0;5;0;0;332;0;5;0;0;332;0;5;0;0;332;0;5;0;0;332;0;5;0;0;332;0;5;0;0;332;0;5;0;0;332;0;5;0;0;332;0;5;0;0;332;0;5;0;0;332;0;5;0;0;332
;0;3;0;0;333;0;5;0;0;333;0;5;0;0;333;0;5;0;0;333;0;5;0;0;333;0;5;0;0;333;0;5;0;0;333;0;5;0;0;333;0;5;0;0;333;0;5;0;0;333;0;5;0;0;333;0;5;0;0;333;0;5;0;0;333;0;5;0;0;333;0;5;0;0;333
;0;3;0;0;334;0;5;0;0;334;0;5;0;0;334;0;5;0;0;334;0;5;0;0;334;0;5;0;0;334;0;5;0;0;334;0;5;0;0;334;0;5;0;0;334;0;5;0;0;334;0;5;0;0;334;0;5;0;0;334;0;5;0;0;334;0;5;0;0;334;0;5;0;0;334
;0;3;0;0;335;0;5;0;0;335;0;5;0;0;335;0;5;0;0;335;0;5;0;0;335;0;5;0;0;335;0;5;0;0;335;0;5;0;0;335;0;5;0;0;335;0;5;0;0;335;0;5;0;0;335;0;5;0;0;335;0;5;0;0;335;0;5;0;0;335;0;5;0;0;335
;0;3;0;0;336;0;5;0;0;336;0;5;0;0;336;0;5;0;0;336;0;5;0;0;336;0;5;0;0;336;0;5;0;0;336;0;5;0;0;336;0;5;0;0;336;0;5;0;0;336;0;5;0;0;336;0;5;0;0;336;0;5;0;0;336;0;5;0;0;336;0;5;0;0;336
;0;3;0;0;337;0;5;0;0;337;0;5;0;0;337;0;5;0;0;337;0;5;0;0;337;0;5;0;0;337;0;5;0;0;337;0;5;0;0;337;0;5;0;0;337;0;5;0;0;337;0;5;0;0;337;0;5;0;0;337;0;5;0;0;337;0;5;0;0;337;0;5;0;0;337
;0;3;0;0;338;0;5;0;0;338;0;5;0;0;338;0;5;0;0;338;0;5;0;0;338;0;5;0;0;338;0;5;0;0;338;0;5;0;0;338;0;5;0;0;338;0;5;0;0;338;0;5;0;0;338;0;5;0;0;338;0;5;0;0;338;0;5;0;0;338;0;5;0;0;338
;0;3;0;0;339;0;5;0;0;339;0;5;0;0;339;0;5;0;0;339;0;5;0;0;339;0;5;0;0;339;0;5;0;0;339;0;5;0;0;339;0;5;0;0;339;0;5;0;0;339;0;5;0;0;339;0;5;0;0;339;0;5;0;0;339;0;5;0;0;339;0;5;0;0;339
;0;3;0;0;340;0;5;0;0;340;0;5;0;0;340;0;5;0;0;340;0;5;0;0;340;0;5;0;0;340;0;5;0;0;340;0;5;0;0;340;0;5;0;0;340;0;5;0;0;340;0;5;0;0;340;0;5;0;0;340;0;5;0;0;340;0;5;0;0;340;0;5;0;0;340
;0;3;0;0;341;0;5;0;0;341;0;5;0;0;341;0;5;0;0;341;0;5;0;0;341;0;5;0;0;341;0;5;0;0;341;0;5;0;0;341;0;5;0;0;341;0;5;0;0;341;0;5;0;0;341;0;5;0;0;341;0;5;0;0;341;0;5;0;0;341;0;5;0;0;341
;0;3;0;0;342;0;5;0;0;342;0;5;0;0;342;0;5;0;0;342;0;5;0;0;342;0;5;0;0;342;0;5;0;0;342;0;5;0;0;342;0;5;0;0;342;0;5;0;0;342;0;5;0;0;342;0;5;0;0;342;0;5;0;0;342;0;5;0;0;342;0;5;0;0;342
;0;3;0;0;343;0;5;0;0;343;0;5;0;0;343;0;5;0;0;343;0;5;0;0;343;0;5;0;0;343;0;5;0;0;343;0;5;0;0;343;0;5;0;0;343;0;5;0;0;343;0;5;0;0;343;0;5;0;0;343;0;5;0;0;343;0;5;0;0;343;0;5;0;0;343
;0;3;0;0;344;0;5;0;0;344;0;5;0;0;344;0;5;0;0;344;0;5;0;0;344;0;5;0;0;344;0;5;0;0;344;0;5;0;0;344;0;5;0;0;344;0;5;0;0;344;0;5;0;0;344;0;5;0;0;344;0;5;0;0;344;0;5;0;0;344;0;5;0;0;344
;0;3;0;0;345;0;5;0;0;345;0;5;0;0;345;0;5;0;0;345;0;5;0;0;345;0;5;0;0;345;0;5;0;0;345;0;5;0;0;345;0;5;0;0;345;0;5;0;0;345;0;5;0;0;345;0;5;0;0;345;0;5;0;0;345;0;5;0;0;345;0;5;0;0;345
;0;3;0;0;346;0;5;0;0;346;0;5;0;0;346;0;5;0;0;346;0;5;0;0;346;0;5;0;0;346;0;5;0;0;346;0;5;0;0;346;0;5;0;0;346;0;5;0;0;346;0;5;0;0;346;0;5;0;0;346;0;5;0;0;346;0;5;0;0;346;0;5;0;0;346
;0;3;0;0;347;0;5;0;0;347;0;5;0;0;347;0;5;0;0;347;0;5;0;0;347;0;5;0;0;347;0;5;0;0;347;0;5;0;0;347;0;5;0;0;347;0;5;0;0;347;0;5;0;0;347;0;5;0;0;347;0;5;0;0;347;0;5;0;0;347;0;5;0;0;347
;0;3;0;0;348;0;5;0;0;348;0;5;0;0;348;0;5;0;0;348;0;5;0;0;348;0;5;0;0;348;0;5;0;0;348;0;5;0;0;348;0;5;0;0;348;0;5;0;0;348;0;5;0;0;348;0;5;0;0;348;0;5;0;0;348;0;5;0;0;348;0;5;0;0;348
;0;3;0;0;349;0;5;0;0;349;0;5;0;0;349;0;5;0;0;349;0;5;0;0;349;0;5;0;0;349;0;5;0;0;349;0;5;0;0;349;0;5;0;0;349;0;5;0;0;349;0;5;0;0;349;0;5;0;0;349;0;5;0;0;349;0;5;0;0;349;0;5;0;0;349
;0;3;0;0;350;0;5;0;0;350;0;5;0;0;350;0;5;0;0;350;0;5;0;0;350;0;5;0;0;350;0;5;0;0;350;0;5;0;0;350;0;5;0;0;350;0;5;0;0;350;0;5;0;0;350;0;5;0;0;350;0;5;0;0;350;0;5;0;0;350;0;5;0;0;350
;0;3;0;0;351;0;5;0;0;351;0;5;0;0;351;0;5;0;0;351;0;5;0;0;351;0;5;0;0;351;0;5;0;0;351;0;5;0;0;351;0;5;0;0;351;0;5;0;0;351;0;5;0;0;351;0;5;0;0;351;0;5;0;0;351;0;5;0;0;351;0;5;0;0;351
;0;3;0;0;352;0;5;0;0;352;0;5;0;0;352;0;5;0;0;352;0;5;0;0;352;0;5;0;0;352;0;5;0;0;352;0;5;0;0;352;0;5;0;0;352;0;5;0;0;352;0;5;0;0;352;0;5;0;0;352;0;5;0;0;352;0;5;0;0;352;0;5;0;0;352
;0;3;0;0;353;0;5;0;0;353;0;5;0;0;353;0;5;0;0;353;0;5;0;0;353;0;5;0;0;353;0;5;0;0;353;0;5;0;0;353;0;5;0;0;353;0;5;0;0;353;0;5;0;0;353;0;5;0;0;353;0;5;0;0;353;0;5;0;0;353;0;5;0;0;353
;0;3;0;0;354;0;5;0;0;354;0;5;0;0;354;0;5;0;0;354;0;5;0;0;354;0;5;0;0;354;0;5;0;0;354;0;5;0;0;354;0;5;0;0;354;0;5;0;0;354;0;5;0;0;354;0;5;0;0;354;0;5;0;0;354;0;5;0;0;354;0;5;0;0;354
;0;3;0;0;355;0;5;0;0;355;0;5;0;0;355;0;5;0;0;355;0;5;0;0;355;0;5;0;0;355;0;5;0;0;355;0;5;0;0;355;0;5;0;0;355;0;5;0;0;355;0;5;0;0;355;0;5;0;0;355;0;5;0;0;355;0;5;0;0;355;0;5;0;0;355
;0;3;0;0;356;0;5;0;0;356;0;5;0;0;356;0;5;0;0;356;0;5;0;0;356;0;5;0;0;356;0;5;0;0;356;0;5;0;0;356;0;5;0;0;356;0;5;0;0;356;0;5;0;0;356;0;5;0;0;356;0;5;0;0;356;0;5;0;0;356;0;5;0;0;356
;0;3;0;0;357;0;5;0;0;357;0;5;0;0;357;0;5;0;0;357;0;5;0;0;357;0;5;0;0;357;0;5;0;0;357;0;5;0;0;357;0;5;0;0;357;0;5;0;0;357;0;5;0;0;357;0;5;0;0;357;0;5;0;0;357;0;5;0;0;357;0;5;0;0;357
;0;3;0;0;358;0;5;0;0;358;0;5;0;0;358;0;5;0;0;358;0;5;0;0;358;0;5;0;0;358;0;5;0;0;358;0;5;0;0;358;0;5;0;0;358;0;5;0;0;358;0;5;0;0;358;0;5;0;0;358;0;5;0;0;358;0;5;0;0;358;0;5;0;0;358
;0;3;0;0;359;0;5;0;0;359;0;5;0;0;359;0;5;0;0;359;0;5;0;0;359;0;5;0;0;359;0;5;0;0;359;0;5;0;0;359;0;5;0;0;359;0;5;0;0;359;0;5;0;0;359;0;5;0;0;359;0;5;0;0;359;0;5;0;0;359;0;5;0;0;359
;0;3;0;0;360;0;5;0;0;360;0;5;0;0;360;0;5;0;0;360;0;5;0;0;360;0;5;0;0;360;0;5;0;0;360;0;5;0;0;360;0;5;0;0;360;0;5;0;0;360;0;5;0;0;360;0;5;0;0;360;0;5;0;0;360;0;5;0;0;360;0;5;0;0;360
;0;3;0;0;361;0;5;0;0;361;0;5;0;0;361;0;5;0;0;361;0;5;0;0;361;0;5;0;0;361;0;5;0;0;361;0;5;0;0;361;0;5;0;0;361;0;5;0;0;361;0;5;0;0;361;0;5;0;0;361;0;5;0;0;361;0;5;0;0;361;0;5;0;0;361
;0;3;0;0;362;0;5;0;0;362;0;5;0;0;362;0;5;0;0;362;0;5;0;0;362;0;5;0;0;362;0;5;0;0;362;0;5;0;0;362;0;5;0;0;362;0;5;0;0;362;0;5;0;0;362;0;5;0;0;362;0;5;0;0;362;0;5;0;0;362;0;5;0;0;362
;0;3;0;0;363;0;5;0;0;363;0;5;0;0;363;0;5;0;0;363;0;5;0;0;363;0;5;0;0;363;0;5;0;0;363;0;5;0;0;363;0;5;0;0;363;0;5;0;0;363;0;5;0;0;363;0;5;0;0;363;0;5;0;0;363;0;5;0;0;363;0;5;0;0;363
;0;3;0;0;364;0;5;0;0;364;0;5;0;0;364;0;5;0;0;364;0;5;0;0;364;0;5;0;0;364;0;5;0;0;364;0;5;0;0;364;0;5;0;0;364;0;5;0;0;364;0;5;0;0;364;0;5;0;0;364;0;5;0;0;364;0;5;0;0;364;0;5;0;0;364
;0;3;0;0;365;0;5;0;0;365;0;5;0;0;365;0;5;0;0;365;0;5;0;0;365;0;5;0;0;365;0;5;0;0;365;0;5;0;0;365;0;5;0;0;365;0;5;0;0;365;0;5;0;0;365;0;5;0;0;365;0;5;0;0;365;0;5;0;0;365;0;5;0;0;365
;0;3;0;0;366;0;5;0;0;366;0;5;0;0;366;0;5;0;0;366;0;5;0;0;366;0;5;0;0;366;0;5;0;0;366;0;5;0;0;366;0;5;0;0;366;0;5;0;0;366;0;5;0;0;366;0;5;0;0;366;0;5;0;0;366;0;5;0;0;366;0;5;0;0;366
;0;3;0;0;367;0;5;0;0;367;0;5;0;0;367;0;5;0;0;367;0;5;0;0;367;0;5;0;0;367;0;5;0;0;367;0;5;0;0;367;0;5;0;0;367;0;5;0;0;367;0;5;0;0;367;0;5;0;0;367;0;5;0;0;367;0;5;0;0;367;0;5;0;0;367
;0;3;0;0;368;0;5;0;0;368;0;5;0;0;368;0;5;0;0;368;0;5;0;0;368;0;5;0;0;368;0;5;0;0;368;0;5;0;0;368;0;5;0;0;368;0;5;0;0;368;0;5;0;0;368;0;5;0;0;368;0;5;0;0;368;0;5;0;0;368;0;5;0;0;368
;0;3;0;0;369;0;5;0;0;369;0;5;0;0;369;0;5;0;0;369;0;5;0;0;369;0;5;0;0;369;0;5;0;0;369;0;5;0;0;369;0;5;0;0;369;0;5;0;0;369;0;5;0;0;369;0;5;0;0;369;0;5;0;0;369;0;5;0;0;369;0;5;0;0;369
;0;3;0;0;370;0;5;0;0;370;0;5;0;0;370;0;5;0;0;370;0;5;0;0;370;0;5;0;0;370;0;5;0;0;370;0;5;0;0;370;0;5;0;0;370;0;5;0;0;370;0;5;0;0;370;0;5;0;0;370;0;5;0;0;370;0;5;0;0;370;0;5;0;0;370
;0;3;0;0;371;0;5;0;0;371;0;5;0;0;371;0;5;0;0;371;0;5;0;0;371;0;5;0;0;371;0;5;0;0;371;0;5;0;0;371;0;5;0;0;371;0;5;0;0;371;0;5;0;0;371;0;5;0;0;371;0;5;0;0;371;0;5;0;0;371;0;5;0;0;371
;0;3;0;0;372;0;5;0;0;372;0;5;0;0;372;0;5;0;0;372;0;5;0;0;372;0;5;0;0;372;0;5;0;0;372;0;5;0;0;372;0;5;0;0;372;0;5;0;0;372;0;5;0;0;372;0;5;0;0;372;0;5;0;0;372;0;5;0;0;372;0;5;0;0;372
;0;3;0;0;373;0;5;0;0;373;0;5;0;0;373;0;5;0;0;373;0;5;0;0;373;0;5;0;0;373;0;5;0;0;373;0;5;0;0;373;0;5;0;0;373;0;5;0;0;373;0;5;0;0;373;0;5;0;0;373;0;5;0;0;373;0;5;0;0;373;0;5;0;0;373
;0;3;0;0;374;0;5;0;0;374;0;5;0;0;374;0;5;0;0;374;0;5;0;0;374;0;5;0;0;374;0;5;0;0;374;0;5;0;0;374;0;5;0;0;374;0;5;0;0;374;0;5;0;0;374;0;5;0;0;374;0;5;0;0;374;0;5;0;0;374;0;5;0;0;374
;0;3;0;0;375;0;5;0;0;375;0;5;0;0;375;0;5;0;0;375;0;5;0;0;375;0;5;0;0;375;0;5;0;0;375;0;5;0;0;375;0;5;0;0;375;0;5;0;0;375;0;5;0;0;375;0;5;0;0;375;0;5;0;0;375;0;5;0;0;375;0;5;0;0;375
;0;3;0;0;376;0;5;0;0;376;0;5;0;0;376;0;5;0;0;376;0;5;0;0;376;0;5;0;0;376;0;5;0;0;376;0;5;0;0;376;0;5;0;0;376;0;5;0;0;376;0;5;0;0;376;0;5;0;0;376;0;5;0;0;376;0;5;0;0;376;0;5;0;0;376
;0;3;0;0;377;0;5;0;0;377;0;5;0;0;377;0;5;0;0;377;0;5;0;0;377;0;5;0;0;377;0;5;0;0;377;0;5;0;0;377;0;5;0;0;377;0;5;0;0;377;0;5;0;0;377;0;5;0;0;377;0;5;0;0;377;0;5;0;0;377;0;5;0;0;377
;0;3;0;0;378;0;5;0;0;378;0;5;0;0;378;0;5;0;0;378;0;5;0;0;378;0;5;0;0;378;0;5;0;0;378;0;5;0;0;378;0;5;0;0;378;0;5;0;0;378;0;5;0;0;378;0;5;0;0;378;0;5;0;0;378;0;5;0;0;378;0;5;0;0;378
;0;3;0;0;379;0;5;0;0;379;0;5;0;0;379;0;5;0;0;379;0;5;0;0;379;0;5;0;0;379;0;5;0;0;379;0;5;0;0;379;0;5;0;0;379;0;5;0;0;379;0;5;0;0;379;0;5;0;0;379;0;5;0;0;379;0;5;0;0;379;0;5;0;0;379
;0;3;0;0;380;0;5;0;0;380;0;5;0;0;380;0;5;0;0;380;0;5;0;0;380;0;5;0;0;380;0;5;0;0;380;0;5;0;0;380;0;5;0;0;380;0;5;0;0;380;0;5;0;0;380;0;5;0;0;380;0;5;0;0;380;0;5;0;0;380;0;5;0;0;380
;0;3;0;0;381;0;5;0;0;381;0;5;0;0;381;0;5;0;0;381;0;5;0;0;381;0;5;0;0;381;0;5;0;0;381;0;5;0;0;381;0;5;0;0;381;0;5;0;0;381;0;5;0;0;381;0;5;0;0;381;0;5;0;0;381;0;5;0;0;381;0;5;0;0;381
;0;3;0;0;382;0;5;0;0;382;0;5;0;0;382;0;5;0;0;382;0;5;0;0;382;0;5;0;0;382;0;5;0;0;382;0;5;0;0;382;0;5;0;0;382;0;5;0;0;382;0;5;0;0;382;0;5;0;0;382;0;5;0;0;382;0;5;0;0;382;0;5;0;0;382
;0;3;0;0;383;0;5;0;0;383;0;5;0;0;383;0;5;0;0;383;0;5;0;0;383;0;5;0;0;383;0;5;0;0;383;0;5;0;0;383;0;5;0;0;383;0;5;0;0;383;0;5;0;0;383;0;5;0;0;383;0;5;0;0;383;0;5;0;0;383;0;5;0;0;383
;0;3;0;0;384;0;5;0;0;384;0;5;0;0;384;0;5;0;0;384;0;5;0;0;384;0;5;0;0;384;0;5;0;0;384;0;5;0;0;384;0;5;0;0;384;0;5;0;0;384;0;5;0;0;384;0;5;0;0;384;0;5;0;0;384;0;5;0;0;384;0;5;0;0;384
;0;3;0;0;385;0;5;0;0;385;0;5;0;0;385;0;5;0;0;385;0;5;0;0;385;0;5;0;0;385;0;5;0;0;385;0;5;0;0;385;0;5;0;0;385;0;5;0;0;385;0;5;0;0;385;0;5;0;0;385;0;5;0;0;385;0;5;0;0;385;0;5;0;0;385
;0;3;0;0;386;0;5;0;0;386;0;5;0;0;386;0;5;0;0;386;0;5;0;0;386;0;5;0;0;386;0;5;0;0;386;0;5;0;0;386;0;5;0;0;386;0;5;0;0;386;0;5;0;0;386;0;5;0;0;386;0;5;0;0;386;0;5;0;0;386;0;5;0;0;386
;0;3;0;0;387;0;5;0;0;387;0;5;0;0;387;0;5;0;0;387;0;5;0;0;387;0;5;0;0;387;0;5;0;0;387;0;5;0;0;387;0;5;0;0;387;0;5;0;0;387;0;5;0;0;387;0;5;0;0;387;0;5;0;0;387;0;5;0;0;387;0;5;0;0;387
;0;3;0;0;388;0;5;0;0;388;0;5;0;0;388;0;5;0;0;388;0;5;0;0;388;0;5;0;0;388;0;5;0;0;388;0;5;0;0;388;0;5;0;0;388;0;5;0;0;388;0;5;0;0;388;0;5;0;0;388;0;5;0;0;388;0;5;0;0;388;0;5;0;0;388
;0;3;0;0;389;0;5;0;0;389;0;5;0;0;389;0;5;0;0;389;0;5;0;0;389;0;5;0;0;389;0;5;0;0;389;0;5;0;0;389;0;5;0;0;389;0;5;0;0;389;0;5;0;0;389;0;5;0;0;389;0;5;0;0;389;0;5;0;0;389;0;5;0;0;389
;0;3;0;0;390;0;5;0;0;390;0;5;0;0;390;0;5;0;0;390;0;5;0;0;390;0;5;0;0;390;0;5;0;0;390;0;5;0;0;390;0;5;0;0;390;0;5;0;0;390;0;5;0;0;390;0;5;0;0;390;0;5;0;0;390;0;5;0;0;390;0;5;0;0;390
;0;3;0;0;391;0;5;0;0;391;0;5;0;0;391;0;5;0;0;391;0;5;0;0;391;0;5;0;0;391;0;5;0;0;391;0;5;0;0;391;0;5;0;0;391;0;5;0;0;391;0;5;0;0;391;0;5;0;0;391;0;5;0;0;391;0;5;0;0;391;0;5;0;0;391
;0;3;0;0;392;0;5;0;0;392;0;5;0;0;392;0;5;0;0;392;0;5;0;0;392;0;5;0;0;392;0;5;0;0;392;0;5;0;0;392;0;5;0;0;392;0;5;0;0;392;0;5;0;0;392;0;5;0;0;392;0;5;0;0;392;0;5;0;0;392;0;5;0;0;392
;0;3;0;0;393;0;5;0;0;393;0;5;0;0;393;0;5;0;0;393;0;5;0;0;393;0;5;0;0;393;0;5;0;0;393;0;5;0;0;393;0;5;0;0;393;0;5;0;0;393;0;5;0;0;393;0;5;0;0;393;0;5;0;0;393;0;5;0;0;393;0;5;0;0;393
;0;3;0;0;394;0;5;0;0;394;0;5;0;0;394;0;5;0;0;394;0;5;0;0;394;0;5;0;0;394;0;5;0;0;394;0;5;0;0;394;0;5;0;0;394;0;5;0;0;394;0;5;0;0;394;0;5;0;0;394;0;5;0;0;394;0;5;0;0;394;0;5;0;0;394
;0;3;0;0;395;0;5;0;0;395;0;5;0;0;395;0;5;0;0;395;0;5;0;0;395;0;5;0;0;395;0;5;0;0;395;0;5;0;0;395;0;5;0;0;395;0;5;0;0;395;0;5;0;0;395;0;5;0;0;395;0;5;0;0;395;0;5;0;0;395;0;5;0;0;395
;0;3;0;0;396;0;5;0;0;396;0;5;0;0;396;0;5;0;0;396;0;5;0;0;396;0;5;0;0;396;0;5;0;0;396;0;5;0;0;396;0;5;0;0;396;0;5;0;0;396;0;5;0;0;396;0;5;0;0;396;0;5;0;0;396;0;5;0;0;396;0;5;0;0;396
;0;3;0;0;397;0;5;0;0;397;0;5;0;0;397;0;5;0;0;397;0;5;0;0;397;0;5;0;0;397;0;5;0;0;397;0;5;0;0;397;0;5;0;0;397;0;5;0;0;397;0;5;0;0;397;0;5;0;0;397;0;5;0;0;397;0;5;0;0;397;0;5;0;0;397
;0;3;0;0;398;0;5;0;0;398;0;5;0;0;398;0;5;0;0;398;0;5;0;0;398;0;5;0;0;398;0;5;0;0;398;0;5;0;0;398;0;5;0;0;398;0;5;0;0;398;0;5;0;0;398;0;5;0;0;398;0;5;0;0;398;0;5;0;0;398;0;5;0;0;398
;0;3;0;0;399;0;5;0;0;399;0;5;0;0;399;0;5;0;0;399;0;5;0;0;399;0;5;0;0;399;0;5;0;0;399;0;5;0;0;399;0;5;0;0;399;0;5;0;0;399;0;5;0;0;399;0;5;0;0;399;0;5;0;0;399;0;5;0;0;399;0;5;0;0;399
;0;3;0;0;400;0;5;0;0;400;0;5;0;0;400;0;5;0;0;400;0;5;0;0;400;0;5;0;0;400;0;5;0;0;400;0;5;0;0;400;0;5;0;0;400;0;5;0;0;400;0;5;0;0;400;0;5;0;0;400;0;5;0;0;400;0;5;0;0;400;0;5;0;0;400
;0;3;0;0;401;0;5;0;0;401;0;5;0;0;401;0;5;0;0;401;0;5;0;0;401;0;5;0;0;401;0;5;0;0;401;0;5;0;0;401;0;5;0;0;401;0;5;0;0;401;0;5;0;0;401;0;5;0;0;401;0;5;0;0;401;0;5;0;0;401;0;5;0;0;401
;0;3;0;0;402;0;5;0;0;402;0;5;0;0;402;0;5;0;0;402;0;5;0;0;402;0;5;0;0;402;0;5;0;0;402;0;5;0;0;402;0;5;0;0;402;0;5;0;0;402;0;5;0;0;402;0;5;0;0;402;0;5;0;0;402;0;5;0;0;402;0;5;0;0;402
;0;3;0;0;403;0;5;0;0;403;0;5;0;0;403;0;5;0;0;403;0;5;0;0;403;0;5;0;0;403;0;5;0;0;403;0;5;0;0;403;0;5;0;0;403;0;5;0;0;403;0;5;0;0;403;0;5;0;0;403;0;5;0;0;403;0;5;0;0;403;0;5;0;0;403
;0;3;0;0;404;0;5;0;0;404;0;5;0;0;404;0;5;0;0;404;0;5;0;0;404;0;5;0;0;404;0;5;0;0;404;0;5;0;0;404;0;5;0;0;404;0;5;0;0;404;0;5;0;0;404;0;5;0;0;404;0;5;0;0;404;0;5;0;0;404;0;5;0;0;404
;0;3;0;0;405;0;5;0;0;405;0;5;0;0;405;0;5;0;0;405;0;5;0;0;405;0;5;0;0;405;0;5;0;0;405;0;5;0;0;405;0;5;0;0;405;0;5;0;0;405;0;5;0;0;405;0;5;0;0;405;0;5;0;0;405;0;5;0;0;405;0;5;0;0;405
;0;3;0;0;406;0;5;0;0;406;0;5;0;0;406;0;5;0;0;406;0;5;0;0;406;0;5;0;0;406;0;5;0;0;406;0;5;0;0;406;0;5;0;0;406;0;5;0;0;406;0;5;0;0;406;0;5;0;0;406;0;5;0;0;406;0;5;0;0;406;0;5;0;0;406
;0;3;0;0;407;0;5;0;0;407;0;5;0;0;407;0;5;0;0;407;0;5;0;0;407;0;5;0;0;407;0;5;0;0;407;0;5;0;0;407;0;5;0;0;407;0;5;0;0;407;0;5;0;0;407;0;5;0;0;407;0;5;0;0;407;0;5;0;0;407;0;5;0;0;407
;0;3;0;0;408;0;5;0;0;408;0;5;0;0;408;0;5;0;0;408;0;5;0;0;408;0;5;0;0;408;0;5;0;0;408;0;5;0;0;408;0;5;0;0;408;0;5;0;0;408;0;5;0;0;408;0;5;0;0;408;0;5;0;0;408;0;5;0;0;408;0;5;0;0;408
;0;3;0;0;409;0;5;0;0;409;0;5;0;0;409;0;5;0;0;409;0;5;0;0;409;0;5;0;0;409;0;5;0;0;409;0;5;0;0;409;0;5;0;0;409;0;5;0;0;409;0;5;0;0;409;0;5;0;0;409;0;5;0;0;409;0;5;0;0;409;0;5;0;0;409
;0;3;0;0;410;0;5;0;0;410;0;5;0;0;410;0;5;0;0;410;0;5;0;0;410;0;5;0;0;410;0;5;0;0;410;0;5;0;0;410;0;5;0;0;410;0;5;0;0;410;0;5;0;0;410;0;5;0;0;410;0;5;0;0;410;0;5;0;0;410;0;5;0;0;410
;0;3;0;0;411;0;5;0;0;411;0;5;0;0;411;0;5;0;0;411;0;5;0;0;411;0;5;0;0;411;0;5;0;0;411;0;5;0;0;411;0;5;0;0;411;0;5;0;0;411;0;5;0;0;411;0;5;0;0;411;0;5;0;0;411;0;5;0;0;411;0;5;0;0;411
;0;3;0;0;412;0;5;0;0;412;0;5;0;0;412;0;5;0;0;412;0;5;0;0;412;0;5;0;0;412;0;5;0;0;412;0;5;0;0;412;0;5;0;0;412;0;5;0;0;412;0;5;0;0;412;0;5;0;0;412;0;5;0;0;412;0;5;0;0;412;0;5;0;0;412
;0;3;0;0;413;0;5;0;0;413;0;5;0;0;413;0;5;0;0;413;0;5;0;0;413;0;5;0;0;413;0;5;0;0;413;0;5;0;0;413;0;5;0;0;413;0;5;0;0;413;0;5;0;0;413;0;5;0;0;413;0;5;0;0;413;0;5;0;0;413;0;5;0;0;413
;0;3;0;0;414;0;5;0;0;414;0;5;0;0;414;0;5;0;0;414;0;5;0;0;414;0;5;0;0;414;0;5;0;0;414;0;5;0;0;414;0;5;0;0;414;0;5;0;0;414;0;5;0;0;414;0;5;0;0;414;0;5;0;0;414;0;5;0;0;414;0;5;0;0;414
;0;3;0;0;415;0;5;0;0;415;0;5;0;0;415;0;5;0;0;415;0;5;0;0;415;0;5;0;0;415;0;5;0;0;415;0;5;0;0;415;0;5;0;0;415;0;5;0;0;415;0;5;0;0;415;0;5;0;0;415;0;5;0;0;415;0;5;0;0;415;0;5;0;0;415
;0;3;0;0;416;0;5;0;0;416;0;5;0;0;416;0;5;0;0;416;0;5;0;0;416;0;5;0;0;416;0;5;0;0;416;0;5;0;0;416;0;5;0;0;416;0;5;0;0;416;0;5;0;0;416;0;5;0;0;416;0;5;0;0;416;0;5;0;0;416;0;5;0;0;416
;0;3;0;0;417;0;5;0;0;417;0;5;0;0;417;0;5;0;0;417;0;5;0;0;417;0;5;0;0;417;0;5;0;0;417;0;5;0;0;417;0;5;0;0;417;0;5;0;0;417;0;5;0;0;417;0;5;0;0;417;0;5;0;0;417;0;5;0;0;417;0;5;0;0;417
;0;3;0;0;418;0;5;0;0;418;0;5;0;0;418;0;5;0;0;418;0;5;0;0;418;0;5;0;0;418;0;5;0;0;418;0;5;0;0;418;0;5;0;0;418;0;5;0;0;418;0;5;0;0;418;0;5;0;0;418;0;5;0;0;418;0;5;0;0;418;0;5;0;0;418
;0;3;0;0;419;0;5;0;0;419;0;5;0;0;419;0;5;0;0;419;0;5;0;0;419;0;5;0;0;419;0;5;0;0;419;0;5;0;0;419;0;5;0;0;419;0;5;0;0;419;0;5;0;0;419;0;5;0;0;419;0;5;0;0;419;0;5;0;0;419;0;5;0;0;419
;0;3;0;0;420;0;5;0;0;420;0;5;0;0;420;0;5;0;0;420;0;5;0;0;420;0;5;0;0;420;0;5;0;0;420;0;5;0;0;420;0;5;0;0;420;0;5;0;0;420;0;5;0;0;420;0;5;0;0;420;0;5;0;0;420;0;5;0;0;420;0;5;0;0;420
;0;3;0;0;421;0;5;0;0;421;0;5;0;0;421;0;5;0;0;421;0;5;0;0;421;0;5;0;0;421;0;5;0;0;421;0;5;0;0;421;0;5;0;0;421;0;5;0;0;421;0;5;0;0;421;0;5;0;0;421;0;5;0;0;421;0;5;0;0;421;0;5;0;0;421
;0;3;0;0;422;0;5;0;0;422;0;5;0;0;422;0;5;0;0;422;0;5;0;0;422;0;5;0;0;422;0;5;0;0;422;0;5;0;0;422;0;5;0;0;422;0;5;0;0;422;0;5;0;0;422;0;5;0;0;422;0;5;0;0;422;0;5;0;0;422;0;5;0;0;422
;0;3;0;0;423;0;5;0;0;423;0;5;0;0;423;0;5;0;0;423;0;5;0;0;423;0;5;0;0;423;0;5;0;0;423;0;5;0;0;423;0;5;0;0;423;0;5;0;0;423;0;5;0;0;423;0;5;0;0;423;0;5;0;0;423;0;5;0;0;423;0;5;0;0;423
;0;3;0;0;424;0;5;0;0;424;0;5;0;0;424;0;5;0;0;424;0;5;0;0;424;0;5;0;0;424;0;5;0;0;424;0;5;0;0;424;0;5;0;0;424;0;5;0;0;424;0;5;0;0;424;0;5;0;0;424;0;5;0;0;424;0;5;0;0;424;0;5;0;0;424
;0;3;0;0;425;0;5;0;0;425;0;5;0;0;425;0;5;0;0;425;0;5;0;0;425;0;5;0;0;425;0;5;0;0;425;0;5;0;0;425;0;5;0;0;425;0;5;0;0;425;0;5;0;0;425;0;5;0;0;425;0;5;0;0;425;0;5;0;0;425;0;5;0;0;425
;0;3;0;0;426;0;5;0;0;426;0;5;0;0;426;0;5;0;0;426;0;5;0;0;426;0;5;0;0;426;0;5;0;0;426;0;5;0;0;426;0;5;0;0;426;0;5;0;0;426;0;5;0;0;426;0;5;0;0;426;0;5;0;0;426;0;5;0;0;426;0;5;0;0;426
;0;3;0;0;427;0;5;0;0;427;0;5;0;0;427;0;5;0;0;427;0;5;0;0;427;0;5;0;0;427;0;5;0;0;427;0;5;0;0;427;0;5;0;0;427;0;5;0;0;427;0;5;0;0;427;0;5;0;0;427;0;5;0;0;427;0;5;0;0;427;0;5;0;0;427
;0;3;0;0;428;0;5;0;0;428;0;5;0;0;428;0;5;0;0;428;0;5;0;0;428;0;5;0;0;428;0;5;0;0;428;0;5;0;0;428;0;5;0;0;428;0;5;0;0;428;0;5;0;0;428;0;5;0;0;428;0;5;0;0;428;0;5;0;0;428;0;5;0;0;428
;0;3;0;0;429;0;5;0;0;429;0;5;0;0;429;0;5;0;0;429;0;5;0;0;429;0;5;0;0;429;0;5;0;0;429;0;5;0;0;429;0;5;0;0;429;0;5;0;0;429;0;5;0;0;429;0;5;0;0;429;0;5;0;0;429;0;5;0;0;429;0;5;0;0;429
;0;3;0;0;430;0;5;0;0;430;0;5;0;0;430;0;5;0;0;430;0;5;0;0;430;0;5;0;0;430;0;5;0;0;430;0;5;0;0;430;0;5;0;0;430;0;5;0;0;430;0;5;0;0;430;0;5;0;0;430;0;5;0;0;430;0;5;0;0;430;0;5;0;0;430
;0;3;0;0;431;0;5;0;0;431;0;5;0;0;431;0;5;0;0;431;0;5;0;0;431;0;5;0;0;431;0;5;0;0;431;0;5;0;0;431;0;5;0;0;431;0;5;0;0;431;0;5;0;0;431;0;5;0;0;431;0;5;0;0;431;0;5;0;0;431;0;5;0;0;431
;0;3;0;0;432;0;5;0;0;432;0;5;0;0;432;0;5;0;0;432;0;5;0;0;432;0;5;0;0;432;0;5;0;0;432;0;5;0;0;432;0;5;0;0;432;0;5;0;0;432;0;5;0;0;432;0;5;0;0;432;0;5;0;0;432;0;5;0;0;432;0;5;0;0;432
;0;3;0;0;433;0;5;0;0;433;0;5;0;0;433;0;5;0;0;433;0;5;0;0;433;0;5;0;0;433;0;5;0;0;433;0;5;0;0;433;0;5;0;0;433;0;5;0;0;433;0;5;0;0;433;0;5;0;0;433;0;5;0;0;433;0;5;0;0;433;0;5;0;0;433
;0;3;0;0;434;0;5;0;0;434;0;5;0;0;434;0;5;0;0;434;0;5;0;0;434;0;5;0;0;434;0;5;0;0;434;0;5;0;0;434;0;5;0;0;434;0;5;0;0;434;0;5;0;0;434;0;5;0;0;434;0;5;0;0;434;0;5;0;0;434;0;5;0;0;434
;0;3;0;0;435;0;5;0;0;435;0;5;0;0;435;0;5;0;0;435;0;5;0;0;435;0;5;0;0;435;0;5;0;0;435;0;5;0;0;435;0;5;0;0;435;0;5;0;0;435;0;5;0;0;435;0;5;0;0;435;0;5;0;0;435;0;5;0;0;435;0;5;0;0;435
;0;3;0;0;436;0;5;0;0;436;0;5;0;0;436;0;5;0;0;436;0;5;0;0;436;0;5;0;0;436;0;5;0;0;436;0;5;0;0;436;0;5;0;0;436;0;5;0;0;436;0;5;0;0;436;0;5;0;0;436;0;5;0;0;436;0;5;0;0;436;0;5;0;0;436
;0;3;0;0;437;0;5;0;0;437;0;5;0;0;437;0;5;0;0;437;0;5;0;0;437;0;5;0;0;437;0;5;0;0;437;0;5;0;0;437;0;5;0;0;437;0;5;0;0;437;0;5;0;0;437;0;5;0;0;437;0;5;0;0;437;0;5;0;0;437;0;5;0;0;437
;0;3;0;0;438;0;5;0;0;438;0;5;0;0;438;0;5;0;0;438;0;5;0;0;438;0;5;0;0;438;0;5;0;0;438;0;5;0;0;438;0;5;0;0;438;0;5;0;0;438;0;5;0;0;438;0;5;0;0;438;0;5;0;0;438;0;5;0;0;438;0;5;0;0;438
;0;3;0;0;439;0;5;0;0;439;0;5;0;0;439;0;5;0;0;439;0;5;0;0;439;0;5;0;0;439;0;5;0;0;439;0;5;0;0;439;0;5;0;0;439;0;5;0;0;439;0;5;0;0;439;0;5;0;0;439;0;5;0;0;439;0;5;0;0;439;0;5;0;0;439
;0;3;0;0;440;0;5;0;0;440;0;5;0;0;440;0;5;0;0;440;0;5;0;0;440;0;5;0;0;440;0;5;0;0;440;0;5;0;0;440;0;5;0;0;440;0;5;0;0;440;0;5;0;0;440;0;5;0;0;440;0;5;0;0;440;0;5;0;0;440;0;5;0;0;440
;0;3;0;0;441;0;5;0;0;441;0;5;0;0;441;0;5;0;0;441;0;5;0;0;441;0;5;0;0;441;0;5;0;0;441;0;5;0;0;441;0;5;0;0;441;0;5;0;0;441;0;5;0;0;441;0;5;0;0;441;0;5;0;0;441;0;5;0;0;441;0;5;0;0;441
;0;3;0;0;442;0;5;0;0;442;0;5;0;0;442;0;5;0;0;442;0;5;0;0;442;0;5;0;0;442;0;5;0;0;442;0;5;0;0;442;0;5;0;0;442;0;5;0;0;442;0;5;0;0;442;0;5;0;0;442;0;5;0;0;442;0;5;0;0;442;0;5;0;0;442
;0;3;0;0;443;0;5;0;0;443;0;5;0;0;443;0;5;0;0;443;0;5;0;0;443;0;5;0;0;443;0;5;0;0;443;0;5;0;0;443;0;5;0;0;443;0;5;0;0;443;0;5;0;0;443;0;5;0;0;443;0;5;0;0;443;0;5;0;0;443;0;5;0;0;443
;0;3;0;0;444;0;5;0;0;444;0;5;0;0;444;0;5;0;0;444;0;5;0;0;444;0;5;0;0;444;0;5;0;0;444;0;5;0;0;444;0;5;0;0;444;0;5;0;0;444;0;5;0;0;444;0;5;0;0;444;0;5;0;0;444;0;5;0;0;444;0;5;0;0;444
;0;3;0;0;445;0;5;0;0;445;0;5;0;0;445;0;5;0;0;445;0;5;0;0;445;0;5;0;0;445;0;5;0;0;445;0;5;0;0;445;0;5;0;0;445;0;5;0;0;445;0;5;0;0;445;0;5;0;0;445;0;5;0;0;445;0;5;0;0;445;0;5;0;0;445
;0;3;0;0;446;0;5;0;0;446;0;5;0;0;446;0;5;0;0;446;0;5;0;0;446;0;5;0;0;446;0;5;0;0;446;0;5;0;0;446;0;5;0;0;446;0;5;0;0;446;0;5;0;0;446;0;5;0;0;446;0;5;0;0;446;0;5;0;0;446;0;5;0;0;446
;0;3;0;0;447;0;5;0;0;447;0;5;0;0;447;0;5;0;0;447;0;5;0;0;447;0;5;0;0;447;0;5;0;0;447;0;5;0;0;447;0;5;0;0;447;0;5;0;0;447;0;5;0;0;447;0;5;0;0;447;0;5;0;0;447;0;5;0;0;447;0;5;0;0;447
;0;3;0;0;448;0;5;0;0;448;0;5;0;0;448;0;5;0;0;448;0;5;0;0;448;0;5;0;0;448;0;5;0;0;448;0;5;0;0;448;0;5;0;0;448;0;5;0;0;448;0;5;0;0;448;0;5;0;0;448;0;5;0;0;448;0;5;0;0;448;0;5;0;0;448
;0;3;0;0;449;0;5;0;0;449;0;5;0;0;449;0;5;0;0;449;0;5;0;0;449;0;5;0;0;449;0;5;0;0;449;0;5;0;0;449;0;5;0;0;449;0;5;0;0;449;0;5;0;0;449;0;5;0;0;449;0;5;0;0;449;0;5;0;0;449;0;5;0;0;449
;0;3;0;0;450;0;5;0;0;450;0;5;0;0;450;0;5;0;0;450;0;5;0;0;450;0;5;0;0;450;0;5;0;0;450;0;5;0;0;450;0;5;0;0;450;0;5;0;0;450;0;5;0;0;450;0;5;0;0;450;0;5;0;0;450;0;5;0;0;450;0;5;0;0;450
;0;3;0;0;451;0;5;0;0;451;0;5;0;0;451;0;5;0;0;451;0;5;0;0;451;0;5;0;0;451;0;5;0;0;451;0;5;0;0;451;0;5;0;0;451;0;5;0;0;451;0;5;0;0;451;0;5;0;0;451;0;5;0;0;451;0;5;0;0;451;0;5;0;0;451
;0;3;0;0;452;0;5;0;0;452;0;5;0;0;452;0;5;0;0;452;0;5;0;0;452;0;5;0;0;452;0;5;0;0;452;0;5;0;0;452;0;5;0;0;452;0;5;0;0;452;0;5;0;0;452;0;5;0;0;452;0;5;0;0;452;0;5;0;0;452;0;5;0;0;452
;0;3;0;0;453;0;5;0;0;453;0;5;0;0;453;0;5;0;0;453;0;5;0;0;453;0;5;0;0;453;0;5;0;0;453;0;5;0;0;453;0;5;0;0;453;0;5;0;0;453;0;5;0;0;453;0;5;0;0;453;0;5;0;0;453;0;5;0;0;453;0;5;0;0;453
;0;3;0;0;454;0;5;0;0;454;0;5;0;0;454;0;5;0;0;454;0;5;0;0;454;0;5;0;0;454;0;5;0;0;454;0;5;0;0;454;0;5;0;0;454;0;5;0;0;454;0;5;0;0;454;0;5;0;0;454;0;5;0;0;454;0;5;0;0;454;0;5;0;0;454
;0;3;0;0;455;0;5;0;0;455;0;5;0;0;455;0;5;0;0;455;0;5;0;0;455;0;5;0;0;455;0;5;0;0;455;0;5;0;0;455;0;5;0;0;455;0;5;0;0;455;0;5;0;0;455;0;5;0;0;455;0;5;0;0;455;0;5;0;0;455;0;5;0;0;455
;0;3;0;0;456;0;5;0;0;456;0;5;0;0;456;0;5;0;0;456;0;5;0;0;456;0;5;0;0;456;0;5;0;0;456;0;5;0;0;456;0;5;0;0;456;0;5;0;0;456;0;5;0;0;456;0;5;0;0;456;0;5;0;0;456;0;5;0;0;456;0;5;0;0;456
;0;3;0;0;457;0;5;0;0;457;0;5;0;0;457;0;5;0;0;457;0;5;0;0;457;0;5;0;0;457;0;5;0;0;457;0;5;0;0;457;0;5;0;0;457;0;5;0;0;457;0;5;0;0;457;0;5;0;0;457;0;5;0;0;457;0;5;0;0;457;0;5;0;0;457
;0;3;0;0;458;0;5;0;0;458;0;5;0;0;458;0;5;0;0;458;0;5;0;0;458;0;5;0;0;458;0;5;0;0;458;0;5;0;0;458;0;5;0;0;458;0;5;0;0;458;0;5;0;0;458;0;5;0;0;458;0;5;0;0;458;0;5;0;0;458;0;5;0;0;458
;0;3;0;0;459;0;5;0;0;459;0;5;0;0;459;0;5;0;0;459;0;5;0;0;459;0;5;0;0;459;0;5;0;0;459;0;5;0;0;459;0;5;0;0;459;0;5;0;0;459;0;5;0;0;459;0;5;0;0;459;0;5;0;0;459;0;5;0;0;459;0;5;0;0;459
;0;3;0;0;460;0;5;0;0;460;0;5;0;0;460;0;5;0;0;460;0;5;0;0;460;0;5;0;0;460;0;5;0;0;460;0;5;0;0;460;0;5;0;0;460;0;5;0;0;460;0;5;0;0;460;0;5;0;0;460;0;5;0;0;460;0;5;0;0;460;0;5;0;0;460
;0;3;0;0;461;0;5;0;0;461;0;5;0;0;461;0;5;0;0;461;0;5;0;0;461;0;5;0;0;461;0;5;0;0;461;0;5;0;0;461;0;5;0;0;461;0;5;0;0;461;0;5;0;0;461;0;5;0;0;461;0;5;0;0;461;0;5;0;0;461;0;5;0;0;461
;0;3;0;0;462;0;5;0;0;462;0;5;0;0;462;0;5;0;0;462;0;5;0;0;462;0;5;0;0;462;0;5;0;0;462;0;5;0;0;462;0;5;0;0;462;0;5;0;0;462;0;5;0;0;462;0;5;0;0;462;0;5;0;0;462;0;5;0;0;462;0;5;0;0;462
;0;3;0;0;463;0;5;0;0;463;0;5;0;0;463;0;5;0;0;463;0;5;0;0;463;0;5;0;0;463;0;5;0;0;463;0;5;0;0;463;0;5;0;0;463;0;5;0;0;463;0;5;0;0;463;0;5;0;0;463;0;5;0;0;463;0;5;0;0;463;0;5;0;0;463
;0;3;0;0;464;0;5;0;0;464;0;5;0;0;464;0;5;0;0;464;0;5;0;0;464;0;5;0;0;464;0;5;0;0;464;0;5;0;0;464;0;5;0;0;464;0;5;0;0;464;0;5;0;0;464;0;5;0;0;464;0;5;0;0;464;0;5;0;0;464;0;5;0;0;464
;0;3;0;0;465;0;5;0;0;465;0;5;0;0;465;0;5;0;0;465;0;5;0;0;465;0;5;0;0;465;0;5;0;0;465;0;5;0;0;465;0;5;0;0;465;0;5;0;0;465;0;5;0;0;465;0;5;0;0;465;0;5;0;0;465;0;5;0;0;465;0;5;0;0;465
;0;3;0;0;466;0;5;0;0;466;0;5;0;0;466;0;5;0;0;466;0;5;0;0;466;0;5;0;0;466;0;5;0;0;466;0;5;0;0;466;0;5;0;0;466;0;5;0;0;466;0;5;0;0;466;0;5;0;0;466;0;5;0;0;466;0;5;0;0;466;0;5;0;0;466
;0;3;0;0;467;0;5;0;0;467;0;5;0;0;467;0;5;0;0;467;0;5;0;0;467;0;5;0;0;467;0;5;0;0;467;0;5;0;0;467;0;5;0;0;467;0;5;0;0;467;0;5;0;0;467;0;5;0;0;467;0;5;0;0;467;0;5;0;0;467;0;5;0;0;467
;0;3;0;0;468;0;5;0;0;468;0;5;0;0;468;0;5;0;0;468;0;5;0;0;468;0;5;0;0;468;0;5;0;0;468;0;5;0;0;468;0;5;0;0;468;0;5;0;0;468;0;5;0;0;468;0;5;0;0;468;0;5;0;0;468;0;5;0;0;468;0;5;0;0;468
;0;3;0;0;469;0;5;0;0;469;0;5;0;0;469;0;5;0;0;469;0;5;0;0;469;0;5;0;0;469;0;5;0;0;469;0;5;0;0;469;0;5;0;0;469;0;5;0;0;469;0;5;0;0;469;0;5;0;0;469;0;5;0;0;469;0;5;0;0;469;0;5;0;0;469
;0;3;0;0;470;0;5;0;0;470;0;5;0;0;470;0;5;0;0;470;0;5;0;0;470;0;5;0;0;470;0;5;0;0;470;0;5;0;0;470;0;5;0;0;470;0;5;0;0;470;0;5;0;0;470;0;5;0;0;470;0;5;0;0;470;0;5;0;0;470;0;5;0;0;470
;0;3;0;0;471;0;5;0;0;471;0;5;0;0;471;0;5;0;0;471;0;5;0;0;471;0;5;0;0;471;0;5;0;0;471;0;5;0;0;471;0;5;0;0;471;0;5;0;0;471;0;5;0;0;471;0;5;0;0;471;0;5;0;0;471;0;5;0;0;471;0;5;0;0;471
;0;3;0;0;472;0;5;0;0;472;0;5;0;0;472;0;5;0;0;472;0;5;0;0;472;0;5;0;0;472;0;5;0;0;472;0;5;0;0;472;0;5;0;0;472;0;5;0;0;472;0;5;0;0;472;0;5;0;0;472;0;5;0;0;472;0;5;0;0;472;0;5;0;0;472
;0;3;0;0;473;0;5;0;0;473;0;5;0;0;473;0;5;0;0;473;0;5;0;0;473;0;5;0;0;473;0;5;0;0;473;0;5;0;0;473;0;5;0;0;473;0;5;0;0;473;0;5;0;0;473;0;5;0;0;473;0;5;0;0;473;0;5;0;0;473;0;5;0;0;473
;0;3;0;0;474;0;5;0;0;474;0;5;0;0;474;0;5;0;0;474;0;5;0;0;474;0;5;0;0;474;0;5;0;0;474;0;5;0;0;474;0;5;0;0;474;0;5;0;0;474;0;5;0;0;474;0;5;0;0;474;0;5;0;0;474;0;5;0;0;474;0;5;0;0;474
;0;3;0;0;475;0;5;0;0;475;0;5;0;0;475;0;5;0;0;475;0;5;0;0;475;0;5;0;0;475;0;5;0;0;475;0;5;0;0;475;0;5;0;0;475;0;5;0;0;475;0;5;0;0;475;0;5;0;0;475;0;5;0;0;475;0;5;0;0;475;0;5;0;0;475
;0;3;0;0;476;0;5;0;0;476;0;5;0;0;476;0;5;0;0;476;0;5;0;0;476;0;5;0;0;476;0;5;0;0;476;0;5;0;0;476;0;5;0;0;476;0;5;0;0;476;0;5;0;0;476;0;5;0;0;476;0;5;0;0;476;0;5;0;0;476;0;5;0;0;476
;0;3;0;0;477;0;5;0;0;477;0;5;0;0;477;0;5;0;0;477;0;5;0;0;477;0;5;0;0;477;0;5;0;0;477;0;5;0;0;477;0;5;0;0;477;0;5;0;0;477;0;5;0;0;477;0;5;0;0;477;0;5;0;0;477;0;5;0;0;477;0;5;0;0;477
;0;3;0;0;478;0;5;0;0;478;0;5;0;0;478;0;5;0;0;478;0;5;0;0;478;0;5;0;0;478;0;5;0;0;478;0;5;0;0;478;0;5;0;0;478;0;5;0;0;478;0;5;0;0;478;0;5;0;0;478;0;5;0;0;478;0;5;0;0;478;0;5;0;0;478
;0;3;0;0;479;0;5;0;0;479;0;5;0;0;479;0;5;0;0;479;0;5;0;0;479;0;5;0;0;479;0;5;0;0;479;0;5;0;0;479;0;5;0;0;479;0;5;0;0;479;0;5;0;0;479;0;5;0;0;479;0;5;0;0;479;0;5;0;0;479;0;5;0;0;479
;0;3;0;0;480;0;5;0;0;480;0;5;0;0;480;0;5;0;0;480;0;5;0;0;480;0;5;0;0;480;0;5;0;0;480;0;5;0;0;480;0;5;0;0;480;0;5;0;0;480;0;5;0;0;480;0;5;0;0;480;0;5;0;0;480;0;5;0;0;480;0;5;0;0;480
;0;3;0;0;481;0;5;0;0;481;0;5;0;0;481;0;5;0;0;481;0;5;0;0;481;0;5;0;0;481;0;5;0;0;481;0;5;0;0;481;0;5;0;0;481;0;5;0;0;481;0;5;0;0;481;0;5;0;0;481;0;5;0;0;481;0;5;0;0;481;0;5;0;0;481
;0;3;0;0;482;0;5;0;0;482;0;5;0;0;482;0;5;0;0;482;0;5;0;0;482;0;5;0;0;482;0;5;0;0;482;0;5;0;0;482;0;5;0;0;482;0;5;0;0;482;0;5;0;0;482;0;5;0;0;482;0;5;0;0;482;0;5;0;0;482;0;5;0;0;482
;0;3;0;0;483;0;5;0;0;483;0;5;0;0;483;0;5;0;0;483;0;5;0;0;483;0;5;0;0;483;0;5;0;0;483;0;5;0;0;483;0;5;0;0;483;0;5;0;0;483;0;5;0;0;483;0;5;0;0;483;0;5;0;0;483;0;5;0;0;483;0;5;0;0;483
;0;3;0;0;484;0;5;0;0;484;0;5;0;0;484;0;5;0;0;484;0;5;0;0;484;0;5;0;0;484;0;5;0;0;484;0;5;0;0;484;0;5;0;0;484;0;5;0;0;484;0;5;0;0;484;0;5;0;0;484;0;5;0;0;484;0;5;0;0;484;0;5;0;0;484
;0;3;0;0;485;0;5;0;0;485;0;5;0;0;485;0;5;0;0;485;0;5;0;0;485;0;5;0;0;485;0;5;0;0;485;0;5;0;0;485;0;5;0;0;485;0;5;0;0;485;0;5;0;0;485;0;5;0;0;485;0;5;0;0;485;0;5;0;0;485;0;5;0;0;485
;0;3;0;0;486;0;5;0;0;486;0;5;0;0;486;0;5;0;0;486;0;5;0;0;486;0;5;0;0;486;0;5;0;0;486;0;5;0;0;486;0;5;0;0;486;0;5;0;0;486;0;5;0;0;486;0;5;0;0;486;0;5;0;0;486;0;5;0;0;486;0;5;0;0;486
;0;3;0;0;487;0;5;0;0;487;0;5;0;0;487;0;5;0;0;487;0;5;0;0;487;0;5;0;0;487;0;5;0;0;487;0;5;0;0;487;0;5;0;0;487;0;5;0;0;487;0;5;0;0;487;0;5;0;0;487;0;5;0;0;487;0;5;0;0;487;0;5;0;0;487
;0;3;0;0;488;0;5;0;0;488;0;5;0;0;488;0;5;0;0;488;0;5;0;0;488;0;5;0;0;488;0;5;0;0;488;0;5;0;0;488;0;5;0;0;488;0;5;0;0;488;0;5;0;0;488;0;5;0;0;488;0;5;0;0;488;0;5;0;0;488;0;5;0;0;488
;0;3;0;0;489;0;5;0;0;489;0;5;0;0;489;0;5;0;0;489;0;5;0;0;489;0;5;0;0;489;0;5;0;0;489;0;5;0;0;489;0;5;0;0;489;0;5;0;0;489;0;5;0;0;489;0;5;0;0;489;0;5;0;0;489;0;5;0;0;489;0;5;0;0;489
;0;3;0;0;490;0;5;0;0;490;0;5;0;0;490;0;5;0;0;490;0;5;0;0;490;0;5;0;0;490;0;5;0;0;490;0;5;0;0;490;0;5;0;0;490;0;5;0;0;490;0;5;0;0;490;0;5;0;0;490;0;5;0;0;490;0;5;0;0;490;0;5;0;0;490
;0;3;0;0;491;0;5;0;0;491;0;5;0;0;491;0;5;0;0;491;0;5;0;0;491;0;5;0;0;491;0;5;0;0;491;0;5;0;0;491;0;5;0;0;491;0;5;0;0;491;0;5;0;0;491;0;5;0;0;491;0;5;0;0;491;0;5;0;0;491;0;5;0;0;491
;0;3;0;0;492;0;5;0;0;492;0;5;0;0;492;0;5;0;0;492;0;5;0;0;492;0;5;0;0;492;0;5;0;0;492;0;5;0;0;492;0;5;0;0;492;0;5;0;0;492;0;5;0;0;492;0;5;0;0;492;0;5;0;0;492;0;5;0;0;492;0;5;0;0;492
;0;3;0;0;493;0;5;0;0;493;0;5;0;0;493;0;5;0;0;493;0;5;0;0;493;0;5;0;0;493;0;5;0;0;493;0;5;0;0;493;0;5;0;0;493;0;5;0;0;493;0;5;0;0;493;0;5;0;0;493;0;5;0;0;493;0;5;0;0;493;0;5;0;0;493
;0;3;0;0;494;0;5;0;0;494;0;5;0;0;494;0;5;0;0;494;0;5;0;0;494;0;5;0;0;494;0;5;0;0;494;0;5;0;0;494;0;5;0;0;494;0;5;0;0;494;0;5;0;0;494;0;5;0;0;494;0;5;0;0;494;0;5;0;0;494;0;5;0;0;494
;0;3;0;0;495;0;5;0;0;495;0;5;0;0;495;0;5;0;0;495;0;5;0;0;495;0;5;0;0;495;0;5;0;0;495;0;5;0;0;495;0;5;0;0;495;0;5;0;0;495;0;5;0;0;495;0;5;0;0;495;0;5;0;0;495;0;5;0;0;495;0;5;0;0;495
;0;3;0;0;496;0;5;0;0;496;0;5;0;0;496;0;5;0;0;496;0;5;0;0;496;0;5;0;0;496;0;5;0;0;496;0;5;0;0;496;0;5;0;0;496;0;5;0;0;496;0;5;0;0;496;0;5;0;0;496;0;5;0;0;496;0;5;0;0;496;0;5;0;0;496
;0;3;0;0;497;0;5;0;0;497;0;5;0;0;497;0;5;0;0;497;0;5;0;0;497;0;5;0;0;497;0;5;0;0;497;0;5;0;0;497;0;5;0;0;497;0;5;0;0;497;0;5;0;0;497;0;5;0;0;497;0;5;0;0;497;0;5;0;0;497;0;5;0;0;497
;0;3;0;0;498;0;5;0;0;498;0;5;0;0;498;0;5;0;0;498;0;5;0;0;498;0;5;0;0;498;0;5;0;0;498;0;5;0;0;498;0;5;0;0;498;0;5;0;0;498;0;5;0;0;498;0;5;0;0;498;0;5;0;0;498;0;5;0;0;498;0;5;0;0;498
;0;3;0;0;499;0;5;0;0;499;0;5;0;0;499;0;5;0;0;499;0;5;0;0;499;0;5;0;0;499;0;5;0;0;499;0;5;0;0;499;0;5;0;0;499;0;5;0;0;499;0;5;0;0;499;0;5;0;0;499;0;5;0;0;499;0;5;0;0;499;0;5;0;0;499
;0;3;0;0;500;0;5;0;0;500;0;5;0;0;500;0;5;0;0;500;0;5;0;0;500;0;5;0;0;500;0;5;0;0;500;0;5;0;0;500;0;5;0;0;500;0;5;0;0;500;0;5;0;0;500;0;5;0;0;500;0;5;0;0;500;0;5;0;0;500;0;5;0;0;500
