Column1;Column2;Column3;Column4;Column5;Column6;Column7;Column8;Column9;Column10;Column11;Column12;Column13;Column14;Column15;Column16;Column17;Column18;Column19;Column20;Column21;Column22;Column23;Column24;Column25;Column26;Column27;Column28;Column29;Column30;Column31;Column32;Column33;Column34;Column35;Column36;Column37;Column38;Column39;Column40;Column41;Column42;Column43;Column44;Column45;Column46
BehaviorSpace results (NetLogo 6.2.2);;;;;;;;;;;;;;;;;;;;;;;;;;;;;;;;;;;;;;;;;;;;;
TP.nlogo;;;;;;;;;;;;;;;;;;;;;;;;;;;;;;;;;;;;;;;;;;;;;
experiment3_3;;;;;;;;;;;;;;;;;;;;;;;;;;;;;;;;;;;;;;;;;;;;;
10/31/2022 17:40:08:790 +0000;;;;;;;;;;;;;;;;;;;;;;;;;;;;;;;;;;;;;;;;;;;;;
min-pxcor;max-pxcor;min-pycor;max-pycor;;;;;;;;;;;;;;;;;;;;;;;;;;;;;;;;;;;;;;;;;;
-16;16;-16;16;;;;;;;;;;;;;;;;;;;;;;;;;;;;;;;;;;;;;;;;;;
[run number];1;1;1;2;2;2;3;3;3;4;4;4;5;5;5;6;6;6;7;7;7;8;8;8;9;9;9;10;10;10;11;11;11;12;12;12;13;13;13;14;14;14;15;15;15
alimento_amarelo;5;;;5;;;5;;;5;;;5;;;5;;;5;;;5;;;5;;;5;;;5;;;5;;;5;;;5;;;5;;
armadilhas;0;;;0;;;0;;;0;;;0;;;0;;;0;;;0;;;0;;;0;;;0;;;0;;;0;;;0;;;0;;
nbasics;30;;;30;;;30;;;30;;;30;;;30;;;30;;;30;;;30;;;30;;;30;;;30;;;30;;;30;;;30;;
abrigos;10;;;10;;;10;;;10;;;10;;;10;;;10;;;10;;;10;;;10;;;10;;;10;;;10;;;10;;;10;;
nexperts;5;;;5;;;5;;;5;;;5;;;5;;;5;;;5;;;5;;;5;;;5;;;5;;;5;;;5;;;5;;
alimento_verde;15;;;15;;;15;;;15;;;15;;;15;;;15;;;15;;;15;;;15;;;15;;;15;;;15;;;15;;;15;;
versão-modelo;base;;;base;;;base;;;base;;;base;;;base;;;base;;;base;;;base;;;base;;;base;;;base;;;base;;;base;;;base;;
[reporter];count basics;count experts;ticks;count basics;count experts;ticks;count basics;count experts;ticks;count basics;count experts;ticks;count basics;count experts;ticks;count basics;count experts;ticks;count basics;count experts;ticks;count basics;count experts;ticks;count basics;count experts;ticks;count basics;count experts;ticks;count basics;count experts;ticks;count basics;count experts;ticks;count basics;count experts;ticks;count basics;count experts;ticks;count basics;count experts;ticks
[final];0;5;500;0;5;500;0;5;500;0;5;500;2;5;500;0;5;500;0;5;500;0;5;500;0;5;500;1;5;500;0;5;500;1;5;500;0;5;500;0;5;500;0;5;500
[min];0;5;0;0;5;0;0;5;0;0;5;0;2;5;0;0;5;0;0;5;0;0;5;0;0;5;0;1;5;0;0;5;0;1;5;0;0;5;0;0;5;0;0;5;0
[max];30;5;500;30;5;500;30;5;500;30;5;500;30;5;500;30;5;500;30;5;500;30;5;500;30;5;500;30;5;500;30;5;500;30;5;500;30;5;500;30;5;500;30;5;500
[mean];6.75249500998004;5;250;6.383233532934132;5;250;5.047904191616767;5;250;8.159680638722556;5;250;9.626746506986027;5;250;9.333333333333334;5;250;7.664670658682635;5;250;8.614770459081836;5;250;6.552894211576846;5;250;7.780439121756487;5;250;7.63872255489022;5;250;10.429141716566866;5;250;6.049900199600798;5;250;7.147704590818363;5;250;6.391217564870259;5;250
[steps];500;500;500;500;500;500;500;500;500;500;500;500;500;500;500;500;500;500;500;500;500;500;500;500;500;500;500;500;500;500;500;500;500;500;500;500;500;500;500;500;500;500;500;500;500
;;;;;;;;;;;;;;;;;;;;;;;;;;;;;;;;;;;;;;;;;;;;;
[all run data];count basics;count experts;ticks;count basics;count experts;ticks;count basics;count experts;ticks;count basics;count experts;ticks;count basics;count experts;ticks;count basics;count experts;ticks;count basics;count experts;ticks;count basics;count experts;ticks;count basics;count experts;ticks;count basics;count experts;ticks;count basics;count experts;ticks;count basics;count experts;ticks;count basics;count experts;ticks;count basics;count experts;ticks;count basics;count experts;ticks
;30;5;0;30;5;0;30;5;0;30;5;0;30;5;0;30;5;0;30;5;0;30;5;0;30;5;0;30;5;0;30;5;0;30;5;0;30;5;0;30;5;0;30;5;0
;30;5;1;29;5;1;30;5;1;30;5;1;30;5;1;30;5;1;30;5;1;30;5;1;30;5;1;30;5;1;30;5;1;30;5;1;30;5;1;30;5;1;30;5;1
;30;5;2;28;5;2;29;5;2;30;5;2;29;5;2;30;5;2;30;5;2;30;5;2;29;5;2;30;5;2;30;5;2;29;5;2;30;5;2;30;5;2;30;5;2
;29;5;3;28;5;3;29;5;3;30;5;3;28;5;3;29;5;3;30;5;3;30;5;3;29;5;3;30;5;3;30;5;3;29;5;3;30;5;3;30;5;3;30;5;3
;29;5;4;26;5;4;29;5;4;29;5;4;28;5;4;29;5;4;30;5;4;30;5;4;29;5;4;30;5;4;29;5;4;29;5;4;30;5;4;30;5;4;29;5;4
;29;5;5;26;5;5;29;5;5;28;5;5;27;5;5;29;5;5;30;5;5;30;5;5;29;5;5;29;5;5;28;5;5;29;5;5;29;5;5;30;5;5;28;5;5
;29;5;6;26;5;6;29;5;6;28;5;6;27;5;6;29;5;6;29;5;6;30;5;6;29;5;6;29;5;6;28;5;6;28;5;6;29;5;6;30;5;6;28;5;6
;29;5;7;26;5;7;28;5;7;26;5;7;27;5;7;29;5;7;29;5;7;30;5;7;29;5;7;28;5;7;27;5;7;28;5;7;29;5;7;30;5;7;27;5;7
;29;5;8;26;5;8;27;5;8;26;5;8;27;5;8;29;5;8;29;5;8;29;5;8;29;5;8;28;5;8;26;5;8;28;5;8;29;5;8;30;5;8;27;5;8
;28;5;9;26;5;9;27;5;9;26;5;9;26;5;9;29;5;9;29;5;9;29;5;9;29;5;9;28;5;9;26;5;9;28;5;9;28;5;9;29;5;9;26;5;9
;27;5;10;26;5;10;27;5;10;26;5;10;26;5;10;29;5;10;28;5;10;29;5;10;29;5;10;28;5;10;26;5;10;28;5;10;28;5;10;29;5;10;26;5;10
;27;5;11;26;5;11;27;5;11;26;5;11;26;5;11;28;5;11;27;5;11;28;5;11;29;5;11;28;5;11;26;5;11;28;5;11;27;5;11;29;5;11;26;5;11
;27;5;12;25;5;12;26;5;12;26;5;12;26;5;12;28;5;12;27;5;12;28;5;12;29;5;12;28;5;12;26;5;12;27;5;12;26;5;12;29;5;12;26;5;12
;27;5;13;25;5;13;26;5;13;26;5;13;26;5;13;28;5;13;27;5;13;28;5;13;29;5;13;28;5;13;26;5;13;27;5;13;26;5;13;29;5;13;26;5;13
;27;5;14;24;5;14;26;5;14;26;5;14;26;5;14;28;5;14;27;5;14;28;5;14;29;5;14;28;5;14;25;5;14;27;5;14;26;5;14;29;5;14;26;5;14
;27;5;15;23;5;15;26;5;15;26;5;15;26;5;15;28;5;15;27;5;15;28;5;15;29;5;15;27;5;15;24;5;15;27;5;15;26;5;15;29;5;15;26;5;15
;26;5;16;23;5;16;24;5;16;26;5;16;25;5;16;27;5;16;27;5;16;28;5;16;29;5;16;27;5;16;22;5;16;27;5;16;24;5;16;29;5;16;24;5;16
;26;5;17;23;5;17;24;5;17;26;5;17;25;5;17;27;5;17;27;5;17;28;5;17;29;5;17;27;5;17;22;5;17;27;5;17;24;5;17;29;5;17;24;5;17
;26;5;18;22;5;18;24;5;18;26;5;18;25;5;18;26;5;18;27;5;18;28;5;18;29;5;18;27;5;18;22;5;18;27;5;18;24;5;18;29;5;18;24;5;18
;26;5;19;22;5;19;24;5;19;25;5;19;25;5;19;26;5;19;27;5;19;28;5;19;29;5;19;27;5;19;22;5;19;27;5;19;24;5;19;28;5;19;24;5;19
;25;5;20;22;5;20;24;5;20;25;5;20;25;5;20;26;5;20;27;5;20;28;5;20;29;5;20;27;5;20;22;5;20;27;5;20;24;5;20;28;5;20;24;5;20
;25;5;21;22;5;21;24;5;21;25;5;21;25;5;21;26;5;21;27;5;21;27;5;21;29;5;21;27;5;21;22;5;21;27;5;21;24;5;21;28;5;21;23;5;21
;25;5;22;22;5;22;24;5;22;25;5;22;25;5;22;26;5;22;27;5;22;27;5;22;29;5;22;26;5;22;21;5;22;27;5;22;24;5;22;28;5;22;23;5;22
;25;5;23;22;5;23;24;5;23;25;5;23;24;5;23;26;5;23;27;5;23;27;5;23;29;5;23;26;5;23;21;5;23;27;5;23;24;5;23;27;5;23;23;5;23
;25;5;24;22;5;24;24;5;24;24;5;24;24;5;24;26;5;24;27;5;24;27;5;24;29;5;24;26;5;24;21;5;24;27;5;24;24;5;24;27;5;24;23;5;24
;25;5;25;22;5;25;24;5;25;24;5;25;24;5;25;26;5;25;27;5;25;27;5;25;29;5;25;26;5;25;21;5;25;27;5;25;24;5;25;26;5;25;22;5;25
;24;5;26;22;5;26;23;5;26;24;5;26;24;5;26;26;5;26;26;5;26;27;5;26;29;5;26;25;5;26;21;5;26;27;5;26;24;5;26;26;5;26;21;5;26
;24;5;27;22;5;27;23;5;27;24;5;27;24;5;27;26;5;27;26;5;27;27;5;27;29;5;27;25;5;27;21;5;27;27;5;27;24;5;27;26;5;27;21;5;27
;23;5;28;22;5;28;23;5;28;24;5;28;24;5;28;26;5;28;26;5;28;27;5;28;28;5;28;24;5;28;21;5;28;27;5;28;24;5;28;26;5;28;21;5;28
;23;5;29;22;5;29;22;5;29;24;5;29;24;5;29;26;5;29;26;5;29;27;5;29;28;5;29;24;5;29;21;5;29;27;5;29;23;5;29;26;5;29;21;5;29
;23;5;30;22;5;30;22;5;30;23;5;30;24;5;30;26;5;30;26;5;30;27;5;30;27;5;30;24;5;30;20;5;30;26;5;30;22;5;30;26;5;30;20;5;30
;23;5;31;22;5;31;21;5;31;23;5;31;24;5;31;26;5;31;26;5;31;27;5;31;27;5;31;24;5;31;20;5;31;26;5;31;22;5;31;25;5;31;20;5;31
;23;5;32;22;5;32;21;5;32;23;5;32;24;5;32;25;5;32;26;5;32;27;5;32;27;5;32;24;5;32;20;5;32;26;5;32;21;5;32;25;5;32;20;5;32
;23;5;33;22;5;33;21;5;33;23;5;33;24;5;33;25;5;33;26;5;33;27;5;33;27;5;33;23;5;33;20;5;33;26;5;33;21;5;33;25;5;33;19;5;33
;23;5;34;22;5;34;21;5;34;23;5;34;24;5;34;25;5;34;26;5;34;27;5;34;26;5;34;23;5;34;20;5;34;26;5;34;21;5;34;25;5;34;19;5;34
;23;5;35;22;5;35;21;5;35;23;5;35;24;5;35;25;5;35;26;5;35;27;5;35;26;5;35;23;5;35;20;5;35;26;5;35;21;5;35;24;5;35;19;5;35
;23;5;36;22;5;36;21;5;36;23;5;36;24;5;36;25;5;36;26;5;36;27;5;36;26;5;36;23;5;36;20;5;36;26;5;36;20;5;36;24;5;36;18;5;36
;23;5;37;22;5;37;21;5;37;22;5;37;23;5;37;25;5;37;26;5;37;27;5;37;26;5;37;23;5;37;20;5;37;26;5;37;20;5;37;24;5;37;18;5;37
;23;5;38;21;5;38;20;5;38;22;5;38;22;5;38;25;5;38;26;5;38;26;5;38;26;5;38;23;5;38;20;5;38;26;5;38;20;5;38;24;5;38;18;5;38
;23;5;39;21;5;39;20;5;39;22;5;39;22;5;39;25;5;39;26;5;39;26;5;39;26;5;39;23;5;39;20;5;39;26;5;39;20;5;39;24;5;39;18;5;39
;23;5;40;21;5;40;20;5;40;22;5;40;22;5;40;25;5;40;26;5;40;26;5;40;25;5;40;23;5;40;20;5;40;26;5;40;20;5;40;22;5;40;18;5;40
;22;5;41;20;5;41;20;5;41;22;5;41;22;5;41;25;5;41;26;5;41;26;5;41;25;5;41;21;5;41;20;5;41;26;5;41;20;5;41;22;5;41;18;5;41
;21;5;42;20;5;42;19;5;42;22;5;42;22;5;42;25;5;42;26;5;42;26;5;42;24;5;42;21;5;42;19;5;42;26;5;42;19;5;42;21;5;42;18;5;42
;21;5;43;20;5;43;19;5;43;22;5;43;21;5;43;25;5;43;26;5;43;26;5;43;24;5;43;21;5;43;19;5;43;26;5;43;19;5;43;20;5;43;18;5;43
;21;5;44;20;5;44;19;5;44;22;5;44;21;5;44;24;5;44;26;5;44;25;5;44;24;5;44;21;5;44;18;5;44;26;5;44;19;5;44;20;5;44;18;5;44
;20;5;45;20;5;45;19;5;45;22;5;45;21;5;45;24;5;45;26;5;45;25;5;45;24;5;45;21;5;45;18;5;45;26;5;45;19;5;45;20;5;45;18;5;45
;19;5;46;20;5;46;19;5;46;22;5;46;21;5;46;24;5;46;26;5;46;25;5;46;24;5;46;21;5;46;18;5;46;26;5;46;19;5;46;19;5;46;18;5;46
;19;5;47;20;5;47;19;5;47;22;5;47;21;5;47;24;5;47;26;5;47;25;5;47;24;5;47;21;5;47;18;5;47;26;5;47;19;5;47;19;5;47;18;5;47
;19;5;48;20;5;48;19;5;48;22;5;48;20;5;48;24;5;48;26;5;48;24;5;48;24;5;48;21;5;48;17;5;48;25;5;48;19;5;48;19;5;48;18;5;48
;19;5;49;20;5;49;19;5;49;22;5;49;20;5;49;24;5;49;26;5;49;24;5;49;24;5;49;21;5;49;17;5;49;25;5;49;18;5;49;19;5;49;18;5;49
;19;5;50;20;5;50;19;5;50;22;5;50;20;5;50;24;5;50;26;5;50;24;5;50;24;5;50;21;5;50;17;5;50;25;5;50;18;5;50;18;5;50;18;5;50
;19;5;51;20;5;51;19;5;51;22;5;51;20;5;51;24;5;51;26;5;51;24;5;51;24;5;51;21;5;51;16;5;51;25;5;51;18;5;51;18;5;51;18;5;51
;19;5;52;19;5;52;19;5;52;22;5;52;20;5;52;23;5;52;26;5;52;23;5;52;24;5;52;21;5;52;16;5;52;25;5;52;18;5;52;18;5;52;17;5;52
;19;5;53;19;5;53;19;5;53;22;5;53;20;5;53;23;5;53;26;5;53;23;5;53;23;5;53;21;5;53;16;5;53;25;5;53;18;5;53;18;5;53;17;5;53
;19;5;54;19;5;54;19;5;54;22;5;54;20;5;54;23;5;54;26;5;54;23;5;54;23;5;54;21;5;54;16;5;54;25;5;54;18;5;54;18;5;54;16;5;54
;19;5;55;19;5;55;19;5;55;22;5;55;20;5;55;22;5;55;26;5;55;23;5;55;22;5;55;21;5;55;16;5;55;25;5;55;18;5;55;18;5;55;16;5;55
;19;5;56;19;5;56;19;5;56;22;5;56;20;5;56;22;5;56;26;5;56;23;5;56;22;5;56;21;5;56;16;5;56;25;5;56;18;5;56;18;5;56;16;5;56
;19;5;57;19;5;57;18;5;57;22;5;57;20;5;57;22;5;57;26;5;57;23;5;57;22;5;57;21;5;57;16;5;57;25;5;57;18;5;57;17;5;57;16;5;57
;19;5;58;19;5;58;18;5;58;22;5;58;20;5;58;22;5;58;26;5;58;22;5;58;22;5;58;20;5;58;16;5;58;25;5;58;18;5;58;16;5;58;16;5;58
;19;5;59;19;5;59;18;5;59;22;5;59;20;5;59;22;5;59;25;5;59;22;5;59;22;5;59;20;5;59;16;5;59;25;5;59;17;5;59;15;5;59;16;5;59
;19;5;60;18;5;60;18;5;60;22;5;60;20;5;60;22;5;60;24;5;60;21;5;60;22;5;60;20;5;60;16;5;60;25;5;60;17;5;60;15;5;60;16;5;60
;18;5;61;17;5;61;18;5;61;22;5;61;20;5;61;22;5;61;24;5;61;21;5;61;21;5;61;20;5;61;16;5;61;24;5;61;17;5;61;15;5;61;16;5;61
;18;5;62;17;5;62;17;5;62;22;5;62;20;5;62;22;5;62;24;5;62;21;5;62;21;5;62;20;5;62;16;5;62;24;5;62;17;5;62;14;5;62;16;5;62
;18;5;63;17;5;63;17;5;63;22;5;63;20;5;63;22;5;63;24;5;63;21;5;63;21;5;63;20;5;63;16;5;63;22;5;63;17;5;63;14;5;63;16;5;63
;18;5;64;17;5;64;17;5;64;22;5;64;20;5;64;21;5;64;24;5;64;21;5;64;21;5;64;20;5;64;16;5;64;22;5;64;17;5;64;14;5;64;15;5;64
;18;5;65;17;5;65;17;5;65;22;5;65;20;5;65;21;5;65;23;5;65;21;5;65;21;5;65;20;5;65;16;5;65;21;5;65;17;5;65;14;5;65;15;5;65
;18;5;66;17;5;66;17;5;66;22;5;66;20;5;66;21;5;66;23;5;66;21;5;66;19;5;66;20;5;66;16;5;66;21;5;66;16;5;66;14;5;66;15;5;66
;18;5;67;17;5;67;17;5;67;22;5;67;20;5;67;21;5;67;23;5;67;21;5;67;19;5;67;20;5;67;16;5;67;21;5;67;16;5;67;14;5;67;15;5;67
;18;5;68;17;5;68;17;5;68;22;5;68;20;5;68;21;5;68;23;5;68;21;5;68;19;5;68;20;5;68;16;5;68;21;5;68;16;5;68;14;5;68;15;5;68
;18;5;69;17;5;69;16;5;69;21;5;69;19;5;69;21;5;69;23;5;69;21;5;69;19;5;69;20;5;69;16;5;69;21;5;69;16;5;69;13;5;69;15;5;69
;18;5;70;17;5;70;16;5;70;20;5;70;18;5;70;21;5;70;23;5;70;21;5;70;19;5;70;20;5;70;16;5;70;20;5;70;16;5;70;13;5;70;14;5;70
;17;5;71;16;5;71;16;5;71;20;5;71;18;5;71;21;5;71;23;5;71;21;5;71;18;5;71;19;5;71;16;5;71;20;5;71;16;5;71;13;5;71;14;5;71
;17;5;72;16;5;72;15;5;72;20;5;72;18;5;72;21;5;72;23;5;72;21;5;72;17;5;72;19;5;72;16;5;72;20;5;72;16;5;72;13;5;72;14;5;72
;16;5;73;16;5;73;14;5;73;20;5;73;18;5;73;21;5;73;23;5;73;21;5;73;17;5;73;19;5;73;16;5;73;20;5;73;16;5;73;13;5;73;14;5;73
;16;5;74;16;5;74;14;5;74;20;5;74;18;5;74;21;5;74;22;5;74;21;5;74;17;5;74;19;5;74;16;5;74;20;5;74;16;5;74;13;5;74;14;5;74
;16;5;75;16;5;75;14;5;75;19;5;75;18;5;75;21;5;75;22;5;75;21;5;75;17;5;75;19;5;75;15;5;75;20;5;75;16;5;75;13;5;75;13;5;75
;16;5;76;16;5;76;14;5;76;17;5;76;18;5;76;21;5;76;21;5;76;21;5;76;17;5;76;19;5;76;15;5;76;20;5;76;16;5;76;13;5;76;13;5;76
;16;5;77;16;5;77;14;5;77;17;5;77;18;5;77;21;5;77;21;5;77;21;5;77;17;5;77;19;5;77;15;5;77;20;5;77;16;5;77;13;5;77;13;5;77
;16;5;78;16;5;78;14;5;78;17;5;78;18;5;78;21;5;78;21;5;78;21;5;78;17;5;78;18;5;78;15;5;78;20;5;78;16;5;78;13;5;78;13;5;78
;16;5;79;16;5;79;14;5;79;17;5;79;18;5;79;21;5;79;21;5;79;21;5;79;17;5;79;18;5;79;15;5;79;20;5;79;16;5;79;13;5;79;13;5;79
;16;5;80;16;5;80;14;5;80;17;5;80;18;5;80;21;5;80;21;5;80;21;5;80;17;5;80;18;5;80;15;5;80;20;5;80;16;5;80;13;5;80;13;5;80
;16;5;81;16;5;81;13;5;81;17;5;81;18;5;81;21;5;81;21;5;81;21;5;81;16;5;81;18;5;81;15;5;81;20;5;81;16;5;81;13;5;81;13;5;81
;16;5;82;16;5;82;13;5;82;17;5;82;18;5;82;20;5;82;21;5;82;21;5;82;16;5;82;18;5;82;15;5;82;20;5;82;16;5;82;13;5;82;13;5;82
;16;5;83;16;5;83;12;5;83;17;5;83;18;5;83;20;5;83;20;5;83;21;5;83;16;5;83;18;5;83;15;5;83;20;5;83;16;5;83;13;5;83;13;5;83
;16;5;84;16;5;84;12;5;84;17;5;84;18;5;84;20;5;84;20;5;84;21;5;84;15;5;84;18;5;84;15;5;84;20;5;84;16;5;84;13;5;84;13;5;84
;16;5;85;16;5;85;12;5;85;17;5;85;17;5;85;20;5;85;20;5;85;21;5;85;15;5;85;18;5;85;15;5;85;20;5;85;16;5;85;13;5;85;13;5;85
;15;5;86;15;5;86;12;5;86;17;5;86;17;5;86;20;5;86;20;5;86;21;5;86;14;5;86;18;5;86;15;5;86;20;5;86;15;5;86;13;5;86;13;5;86
;15;5;87;15;5;87;12;5;87;17;5;87;16;5;87;20;5;87;20;5;87;21;5;87;14;5;87;18;5;87;15;5;87;20;5;87;15;5;87;13;5;87;13;5;87
;15;5;88;15;5;88;11;5;88;17;5;88;16;5;88;20;5;88;20;5;88;21;5;88;14;5;88;18;5;88;15;5;88;20;5;88;15;5;88;13;5;88;13;5;88
;15;5;89;15;5;89;11;5;89;17;5;89;16;5;89;20;5;89;20;5;89;21;5;89;14;5;89;17;5;89;15;5;89;20;5;89;15;5;89;12;5;89;13;5;89
;15;5;90;15;5;90;11;5;90;17;5;90;16;5;90;20;5;90;20;5;90;21;5;90;14;5;90;16;5;90;15;5;90;20;5;90;15;5;90;12;5;90;13;5;90
;15;5;91;15;5;91;11;5;91;17;5;91;16;5;91;19;5;91;20;5;91;21;5;91;14;5;91;16;5;91;15;5;91;20;5;91;15;5;91;12;5;91;13;5;91
;15;5;92;14;5;92;10;5;92;17;5;92;16;5;92;19;5;92;20;5;92;21;5;92;14;5;92;15;5;92;15;5;92;20;5;92;15;5;92;12;5;92;13;5;92
;15;5;93;13;5;93;10;5;93;17;5;93;16;5;93;19;5;93;19;5;93;20;5;93;14;5;93;15;5;93;15;5;93;20;5;93;15;5;93;12;5;93;13;5;93
;15;5;94;13;5;94;10;5;94;17;5;94;16;5;94;19;5;94;19;5;94;20;5;94;14;5;94;15;5;94;15;5;94;20;5;94;15;5;94;12;5;94;13;5;94
;15;5;95;13;5;95;10;5;95;17;5;95;16;5;95;19;5;95;19;5;95;20;5;95;14;5;95;15;5;95;15;5;95;20;5;95;15;5;95;12;5;95;13;5;95
;14;5;96;13;5;96;10;5;96;17;5;96;16;5;96;19;5;96;19;5;96;20;5;96;14;5;96;15;5;96;15;5;96;20;5;96;15;5;96;12;5;96;13;5;96
;14;5;97;13;5;97;10;5;97;17;5;97;16;5;97;19;5;97;19;5;97;20;5;97;13;5;97;15;5;97;15;5;97;20;5;97;14;5;97;12;5;97;13;5;97
;14;5;98;13;5;98;10;5;98;17;5;98;15;5;98;19;5;98;18;5;98;20;5;98;13;5;98;15;5;98;15;5;98;20;5;98;14;5;98;12;5;98;13;5;98
;14;5;99;13;5;99;10;5;99;17;5;99;15;5;99;19;5;99;18;5;99;20;5;99;13;5;99;14;5;99;15;5;99;20;5;99;13;5;99;12;5;99;13;5;99
;14;5;100;13;5;100;10;5;100;17;5;100;15;5;100;19;5;100;18;5;100;20;5;100;12;5;100;14;5;100;15;5;100;20;5;100;13;5;100;12;5;100;13;5;100
;14;5;101;13;5;101;10;5;101;17;5;101;15;5;101;19;5;101;18;5;101;20;5;101;12;5;101;14;5;101;15;5;101;20;5;101;13;5;101;12;5;101;13;5;101
;14;5;102;13;5;102;10;5;102;17;5;102;15;5;102;19;5;102;18;5;102;20;5;102;12;5;102;14;5;102;15;5;102;19;5;102;13;5;102;11;5;102;13;5;102
;14;5;103;13;5;103;9;5;103;17;5;103;15;5;103;19;5;103;18;5;103;20;5;103;11;5;103;13;5;103;15;5;103;19;5;103;13;5;103;11;5;103;12;5;103
;14;5;104;13;5;104;9;5;104;17;5;104;15;5;104;19;5;104;18;5;104;20;5;104;11;5;104;13;5;104;15;5;104;19;5;104;13;5;104;11;5;104;12;5;104
;14;5;105;13;5;105;9;5;105;17;5;105;15;5;105;19;5;105;18;5;105;20;5;105;11;5;105;13;5;105;15;5;105;19;5;105;12;5;105;11;5;105;12;5;105
;14;5;106;13;5;106;9;5;106;17;5;106;15;5;106;19;5;106;18;5;106;20;5;106;11;5;106;13;5;106;15;5;106;19;5;106;12;5;106;11;5;106;12;5;106
;14;5;107;13;5;107;9;5;107;17;5;107;15;5;107;19;5;107;18;5;107;20;5;107;11;5;107;13;5;107;15;5;107;19;5;107;12;5;107;11;5;107;12;5;107
;14;5;108;13;5;108;9;5;108;17;5;108;15;5;108;19;5;108;18;5;108;20;5;108;11;5;108;13;5;108;15;5;108;19;5;108;12;5;108;11;5;108;12;5;108
;14;5;109;13;5;109;9;5;109;17;5;109;15;5;109;19;5;109;18;5;109;20;5;109;10;5;109;13;5;109;15;5;109;19;5;109;12;5;109;11;5;109;12;5;109
;14;5;110;13;5;110;9;5;110;17;5;110;15;5;110;18;5;110;18;5;110;20;5;110;10;5;110;13;5;110;15;5;110;19;5;110;12;5;110;11;5;110;12;5;110
;13;5;111;13;5;111;9;5;111;17;5;111;15;5;111;18;5;111;18;5;111;20;5;111;9;5;111;13;5;111;15;5;111;19;5;111;12;5;111;11;5;111;12;5;111
;13;5;112;13;5;112;9;5;112;16;5;112;15;5;112;18;5;112;18;5;112;20;5;112;9;5;112;13;5;112;15;5;112;19;5;112;12;5;112;11;5;112;12;5;112
;13;5;113;13;5;113;9;5;113;16;5;113;15;5;113;18;5;113;17;5;113;20;5;113;9;5;113;13;5;113;15;5;113;19;5;113;12;5;113;11;5;113;12;5;113
;13;5;114;13;5;114;9;5;114;16;5;114;15;5;114;18;5;114;17;5;114;20;5;114;9;5;114;13;5;114;15;5;114;19;5;114;12;5;114;11;5;114;12;5;114
;12;5;115;13;5;115;9;5;115;16;5;115;15;5;115;18;5;115;17;5;115;20;5;115;9;5;115;13;5;115;15;5;115;19;5;115;12;5;115;11;5;115;12;5;115
;12;5;116;13;5;116;9;5;116;16;5;116;15;5;116;18;5;116;17;5;116;20;5;116;9;5;116;13;5;116;15;5;116;19;5;116;12;5;116;11;5;116;12;5;116
;12;5;117;13;5;117;9;5;117;16;5;117;15;5;117;18;5;117;17;5;117;20;5;117;9;5;117;13;5;117;15;5;117;18;5;117;12;5;117;11;5;117;12;5;117
;12;5;118;13;5;118;9;5;118;16;5;118;15;5;118;18;5;118;17;5;118;20;5;118;9;5;118;13;5;118;15;5;118;18;5;118;12;5;118;11;5;118;12;5;118
;12;5;119;13;5;119;9;5;119;16;5;119;15;5;119;18;5;119;16;5;119;20;5;119;9;5;119;12;5;119;15;5;119;18;5;119;12;5;119;11;5;119;12;5;119
;12;5;120;13;5;120;9;5;120;16;5;120;14;5;120;18;5;120;16;5;120;20;5;120;9;5;120;12;5;120;14;5;120;18;5;120;12;5;120;11;5;120;12;5;120
;12;5;121;13;5;121;8;5;121;16;5;121;14;5;121;18;5;121;16;5;121;20;5;121;9;5;121;12;5;121;14;5;121;18;5;121;12;5;121;11;5;121;12;5;121
;12;5;122;13;5;122;8;5;122;16;5;122;14;5;122;18;5;122;16;5;122;20;5;122;9;5;122;12;5;122;14;5;122;18;5;122;12;5;122;11;5;122;12;5;122
;12;5;123;13;5;123;8;5;123;16;5;123;13;5;123;18;5;123;15;5;123;20;5;123;9;5;123;12;5;123;14;5;123;18;5;123;12;5;123;11;5;123;11;5;123
;12;5;124;13;5;124;8;5;124;16;5;124;13;5;124;18;5;124;15;5;124;20;5;124;9;5;124;12;5;124;14;5;124;18;5;124;12;5;124;11;5;124;11;5;124
;11;5;125;13;5;125;8;5;125;16;5;125;13;5;125;18;5;125;15;5;125;20;5;125;9;5;125;11;5;125;14;5;125;17;5;125;12;5;125;11;5;125;11;5;125
;11;5;126;13;5;126;8;5;126;16;5;126;13;5;126;18;5;126;15;5;126;20;5;126;9;5;126;11;5;126;14;5;126;17;5;126;12;5;126;11;5;126;11;5;126
;11;5;127;13;5;127;8;5;127;16;5;127;13;5;127;18;5;127;15;5;127;20;5;127;9;5;127;10;5;127;14;5;127;17;5;127;12;5;127;11;5;127;11;5;127
;11;5;128;13;5;128;8;5;128;16;5;128;13;5;128;18;5;128;15;5;128;20;5;128;9;5;128;10;5;128;14;5;128;17;5;128;12;5;128;11;5;128;11;5;128
;11;5;129;12;5;129;8;5;129;16;5;129;13;5;129;18;5;129;14;5;129;20;5;129;9;5;129;10;5;129;14;5;129;17;5;129;12;5;129;11;5;129;11;5;129
;11;5;130;12;5;130;8;5;130;16;5;130;13;5;130;18;5;130;14;5;130;20;5;130;9;5;130;9;5;130;14;5;130;17;5;130;12;5;130;11;5;130;11;5;130
;11;5;131;12;5;131;8;5;131;16;5;131;13;5;131;18;5;131;14;5;131;20;5;131;9;5;131;9;5;131;14;5;131;17;5;131;12;5;131;11;5;131;11;5;131
;11;5;132;12;5;132;8;5;132;16;5;132;13;5;132;18;5;132;14;5;132;20;5;132;8;5;132;9;5;132;14;5;132;17;5;132;11;5;132;11;5;132;11;5;132
;11;5;133;12;5;133;8;5;133;16;5;133;13;5;133;18;5;133;14;5;133;20;5;133;8;5;133;9;5;133;14;5;133;17;5;133;11;5;133;11;5;133;11;5;133
;11;5;134;12;5;134;8;5;134;16;5;134;13;5;134;18;5;134;14;5;134;20;5;134;8;5;134;9;5;134;14;5;134;17;5;134;11;5;134;11;5;134;11;5;134
;11;5;135;12;5;135;7;5;135;16;5;135;13;5;135;18;5;135;14;5;135;20;5;135;8;5;135;9;5;135;14;5;135;16;5;135;10;5;135;11;5;135;11;5;135
;11;5;136;12;5;136;7;5;136;16;5;136;13;5;136;18;5;136;14;5;136;20;5;136;8;5;136;9;5;136;14;5;136;16;5;136;9;5;136;11;5;136;11;5;136
;11;5;137;12;5;137;7;5;137;16;5;137;13;5;137;18;5;137;14;5;137;20;5;137;8;5;137;9;5;137;13;5;137;16;5;137;8;5;137;11;5;137;11;5;137
;11;5;138;12;5;138;7;5;138;16;5;138;13;5;138;17;5;138;14;5;138;20;5;138;8;5;138;9;5;138;13;5;138;16;5;138;7;5;138;11;5;138;11;5;138
;11;5;139;11;5;139;7;5;139;16;5;139;13;5;139;17;5;139;14;5;139;20;5;139;8;5;139;8;5;139;12;5;139;16;5;139;7;5;139;10;5;139;11;5;139
;10;5;140;10;5;140;7;5;140;16;5;140;12;5;140;17;5;140;14;5;140;20;5;140;8;5;140;8;5;140;12;5;140;16;5;140;7;5;140;10;5;140;11;5;140
;10;5;141;10;5;141;7;5;141;16;5;141;11;5;141;17;5;141;13;5;141;19;5;141;7;5;141;8;5;141;12;5;141;16;5;141;7;5;141;10;5;141;11;5;141
;9;5;142;10;5;142;7;5;142;16;5;142;11;5;142;17;5;142;13;5;142;19;5;142;7;5;142;8;5;142;12;5;142;15;5;142;7;5;142;10;5;142;11;5;142
;8;5;143;10;5;143;7;5;143;16;5;143;11;5;143;17;5;143;13;5;143;19;5;143;7;5;143;8;5;143;12;5;143;15;5;143;7;5;143;10;5;143;11;5;143
;8;5;144;10;5;144;7;5;144;16;5;144;11;5;144;16;5;144;13;5;144;19;5;144;7;5;144;8;5;144;12;5;144;15;5;144;7;5;144;9;5;144;10;5;144
;8;5;145;10;5;145;7;5;145;16;5;145;11;5;145;16;5;145;13;5;145;18;5;145;7;5;145;8;5;145;12;5;145;15;5;145;7;5;145;9;5;145;9;5;145
;8;5;146;10;5;146;7;5;146;15;5;146;11;5;146;16;5;146;13;5;146;18;5;146;7;5;146;8;5;146;12;5;146;15;5;146;6;5;146;9;5;146;9;5;146
;8;5;147;10;5;147;7;5;147;15;5;147;11;5;147;15;5;147;13;5;147;18;5;147;7;5;147;7;5;147;12;5;147;15;5;147;6;5;147;9;5;147;9;5;147
;8;5;148;10;5;148;7;5;148;13;5;148;11;5;148;15;5;148;13;5;148;17;5;148;7;5;148;7;5;148;12;5;148;15;5;148;6;5;148;9;5;148;9;5;148
;8;5;149;10;5;149;7;5;149;13;5;149;11;5;149;15;5;149;13;5;149;17;5;149;7;5;149;7;5;149;12;5;149;15;5;149;6;5;149;8;5;149;9;5;149
;8;5;150;10;5;150;7;5;150;13;5;150;11;5;150;15;5;150;13;5;150;17;5;150;7;5;150;7;5;150;12;5;150;15;5;150;6;5;150;8;5;150;9;5;150
;8;5;151;10;5;151;7;5;151;13;5;151;11;5;151;15;5;151;13;5;151;17;5;151;7;5;151;7;5;151;12;5;151;15;5;151;6;5;151;8;5;151;9;5;151
;8;5;152;10;5;152;7;5;152;13;5;152;11;5;152;15;5;152;13;5;152;17;5;152;7;5;152;7;5;152;12;5;152;14;5;152;6;5;152;8;5;152;9;5;152
;8;5;153;10;5;153;7;5;153;13;5;153;11;5;153;15;5;153;12;5;153;17;5;153;7;5;153;7;5;153;12;5;153;14;5;153;6;5;153;8;5;153;9;5;153
;8;5;154;10;5;154;7;5;154;13;5;154;11;5;154;15;5;154;12;5;154;17;5;154;7;5;154;7;5;154;12;5;154;14;5;154;6;5;154;8;5;154;9;5;154
;8;5;155;10;5;155;7;5;155;13;5;155;11;5;155;14;5;155;12;5;155;17;5;155;7;5;155;7;5;155;12;5;155;14;5;155;6;5;155;8;5;155;9;5;155
;8;5;156;10;5;156;7;5;156;13;5;156;10;5;156;13;5;156;12;5;156;17;5;156;7;5;156;7;5;156;12;5;156;14;5;156;5;5;156;8;5;156;9;5;156
;8;5;157;10;5;157;7;5;157;13;5;157;10;5;157;13;5;157;12;5;157;17;5;157;7;5;157;7;5;157;12;5;157;14;5;157;5;5;157;8;5;157;9;5;157
;8;5;158;10;5;158;7;5;158;13;5;158;10;5;158;13;5;158;12;5;158;16;5;158;7;5;158;7;5;158;12;5;158;14;5;158;5;5;158;8;5;158;9;5;158
;8;5;159;10;5;159;7;5;159;12;5;159;10;5;159;13;5;159;12;5;159;16;5;159;7;5;159;7;5;159;12;5;159;14;5;159;5;5;159;8;5;159;9;5;159
;8;5;160;10;5;160;6;5;160;12;5;160;10;5;160;12;5;160;12;5;160;16;5;160;7;5;160;7;5;160;12;5;160;14;5;160;5;5;160;8;5;160;9;5;160
;8;5;161;10;5;161;5;5;161;12;5;161;10;5;161;12;5;161;12;5;161;16;5;161;7;5;161;7;5;161;12;5;161;14;5;161;5;5;161;8;5;161;9;5;161
;8;5;162;10;5;162;5;5;162;12;5;162;10;5;162;12;5;162;12;5;162;16;5;162;7;5;162;7;5;162;12;5;162;14;5;162;5;5;162;8;5;162;9;5;162
;8;5;163;10;5;163;5;5;163;12;5;163;10;5;163;11;5;163;12;5;163;16;5;163;7;5;163;7;5;163;12;5;163;14;5;163;5;5;163;8;5;163;9;5;163
;8;5;164;10;5;164;5;5;164;12;5;164;10;5;164;11;5;164;12;5;164;15;5;164;7;5;164;7;5;164;12;5;164;14;5;164;5;5;164;8;5;164;9;5;164
;8;5;165;10;5;165;4;5;165;12;5;165;10;5;165;11;5;165;12;5;165;15;5;165;7;5;165;7;5;165;11;5;165;14;5;165;5;5;165;8;5;165;9;5;165
;8;5;166;10;5;166;4;5;166;12;5;166;10;5;166;11;5;166;12;5;166;15;5;166;6;5;166;7;5;166;11;5;166;14;5;166;5;5;166;8;5;166;9;5;166
;8;5;167;10;5;167;3;5;167;12;5;167;10;5;167;10;5;167;12;5;167;15;5;167;6;5;167;7;5;167;11;5;167;14;5;167;5;5;167;8;5;167;9;5;167
;8;5;168;10;5;168;3;5;168;12;5;168;10;5;168;10;5;168;12;5;168;15;5;168;6;5;168;7;5;168;11;5;168;14;5;168;5;5;168;7;5;168;9;5;168
;8;5;169;10;5;169;3;5;169;11;5;169;10;5;169;10;5;169;11;5;169;15;5;169;6;5;169;7;5;169;11;5;169;14;5;169;5;5;169;7;5;169;9;5;169
;8;5;170;10;5;170;3;5;170;11;5;170;10;5;170;10;5;170;11;5;170;15;5;170;6;5;170;7;5;170;11;5;170;14;5;170;5;5;170;7;5;170;9;5;170
;7;5;171;9;5;171;3;5;171;11;5;171;10;5;171;10;5;171;11;5;171;15;5;171;6;5;171;7;5;171;10;5;171;14;5;171;5;5;171;7;5;171;9;5;171
;7;5;172;9;5;172;3;5;172;11;5;172;10;5;172;10;5;172;11;5;172;14;5;172;6;5;172;7;5;172;10;5;172;14;5;172;5;5;172;7;5;172;9;5;172
;7;5;173;9;5;173;3;5;173;11;5;173;10;5;173;10;5;173;10;5;173;12;5;173;6;5;173;7;5;173;10;5;173;14;5;173;5;5;173;7;5;173;9;5;173
;7;5;174;9;5;174;3;5;174;11;5;174;10;5;174;10;5;174;10;5;174;10;5;174;6;5;174;7;5;174;10;5;174;14;5;174;5;5;174;7;5;174;9;5;174
;7;5;175;8;5;175;3;5;175;11;5;175;10;5;175;10;5;175;9;5;175;10;5;175;6;5;175;7;5;175;10;5;175;14;5;175;5;5;175;7;5;175;9;5;175
;7;5;176;8;5;176;3;5;176;11;5;176;10;5;176;10;5;176;7;5;176;10;5;176;6;5;176;7;5;176;10;5;176;14;5;176;5;5;176;7;5;176;8;5;176
;7;5;177;8;5;177;3;5;177;11;5;177;10;5;177;10;5;177;7;5;177;9;5;177;6;5;177;7;5;177;10;5;177;14;5;177;4;5;177;7;5;177;8;5;177
;7;5;178;7;5;178;3;5;178;10;5;178;10;5;178;10;5;178;7;5;178;8;5;178;6;5;178;7;5;178;10;5;178;14;5;178;4;5;178;7;5;178;8;5;178
;7;5;179;7;5;179;3;5;179;10;5;179;10;5;179;10;5;179;7;5;179;7;5;179;6;5;179;7;5;179;10;5;179;14;5;179;4;5;179;7;5;179;8;5;179
;7;5;180;7;5;180;3;5;180;10;5;180;10;5;180;10;5;180;6;5;180;7;5;180;6;5;180;7;5;180;9;5;180;13;5;180;4;5;180;7;5;180;8;5;180
;7;5;181;7;5;181;2;5;181;10;5;181;10;5;181;10;5;181;5;5;181;6;5;181;6;5;181;7;5;181;9;5;181;13;5;181;4;5;181;7;5;181;8;5;181
;7;5;182;7;5;182;2;5;182;10;5;182;10;5;182;10;5;182;5;5;182;6;5;182;6;5;182;7;5;182;9;5;182;13;5;182;4;5;182;7;5;182;8;5;182
;7;5;183;7;5;183;2;5;183;10;5;183;10;5;183;10;5;183;5;5;183;6;5;183;6;5;183;7;5;183;9;5;183;13;5;183;4;5;183;7;5;183;7;5;183
;7;5;184;7;5;184;2;5;184;10;5;184;10;5;184;10;5;184;5;5;184;6;5;184;6;5;184;7;5;184;9;5;184;13;5;184;4;5;184;7;5;184;7;5;184
;7;5;185;7;5;185;2;5;185;9;5;185;10;5;185;10;5;185;5;5;185;6;5;185;6;5;185;7;5;185;9;5;185;13;5;185;4;5;185;7;5;185;7;5;185
;7;5;186;7;5;186;2;5;186;9;5;186;10;5;186;10;5;186;5;5;186;6;5;186;6;5;186;6;5;186;9;5;186;13;5;186;4;5;186;7;5;186;7;5;186
;7;5;187;7;5;187;2;5;187;9;5;187;10;5;187;10;5;187;5;5;187;6;5;187;6;5;187;6;5;187;9;5;187;13;5;187;3;5;187;7;5;187;7;5;187
;7;5;188;7;5;188;2;5;188;9;5;188;10;5;188;10;5;188;5;5;188;6;5;188;6;5;188;6;5;188;9;5;188;12;5;188;3;5;188;7;5;188;6;5;188
;7;5;189;7;5;189;2;5;189;9;5;189;10;5;189;10;5;189;5;5;189;6;5;189;6;5;189;6;5;189;9;5;189;12;5;189;3;5;189;7;5;189;6;5;189
;7;5;190;7;5;190;2;5;190;9;5;190;10;5;190;10;5;190;5;5;190;6;5;190;6;5;190;6;5;190;9;5;190;11;5;190;3;5;190;7;5;190;6;5;190
;7;5;191;7;5;191;2;5;191;9;5;191;10;5;191;10;5;191;4;5;191;6;5;191;6;5;191;6;5;191;9;5;191;10;5;191;3;5;191;7;5;191;6;5;191
;7;5;192;7;5;192;1;5;192;9;5;192;10;5;192;10;5;192;4;5;192;5;5;192;6;5;192;5;5;192;9;5;192;10;5;192;3;5;192;7;5;192;5;5;192
;6;5;193;7;5;193;1;5;193;9;5;193;10;5;193;10;5;193;4;5;193;5;5;193;5;5;193;5;5;193;9;5;193;10;5;193;3;5;193;7;5;193;5;5;193
;6;5;194;7;5;194;1;5;194;9;5;194;10;5;194;10;5;194;4;5;194;5;5;194;5;5;194;5;5;194;8;5;194;10;5;194;3;5;194;7;5;194;5;5;194
;6;5;195;7;5;195;1;5;195;9;5;195;10;5;195;10;5;195;4;5;195;5;5;195;5;5;195;5;5;195;7;5;195;10;5;195;3;5;195;7;5;195;5;5;195
;5;5;196;7;5;196;1;5;196;9;5;196;10;5;196;10;5;196;4;5;196;4;5;196;5;5;196;5;5;196;7;5;196;10;5;196;3;5;196;7;5;196;5;5;196
;5;5;197;7;5;197;1;5;197;9;5;197;10;5;197;9;5;197;4;5;197;4;5;197;5;5;197;5;5;197;7;5;197;10;5;197;3;5;197;7;5;197;5;5;197
;5;5;198;6;5;198;1;5;198;9;5;198;10;5;198;9;5;198;4;5;198;4;5;198;5;5;198;5;5;198;7;5;198;10;5;198;3;5;198;7;5;198;5;5;198
;5;5;199;5;5;199;1;5;199;9;5;199;10;5;199;9;5;199;4;5;199;4;5;199;5;5;199;5;5;199;7;5;199;10;5;199;3;5;199;7;5;199;5;5;199
;5;5;200;5;5;200;1;5;200;9;5;200;10;5;200;9;5;200;4;5;200;4;5;200;5;5;200;5;5;200;7;5;200;10;5;200;3;5;200;7;5;200;5;5;200
;5;5;201;5;5;201;1;5;201;9;5;201;10;5;201;9;5;201;4;5;201;4;5;201;5;5;201;5;5;201;7;5;201;10;5;201;3;5;201;7;5;201;5;5;201
;5;5;202;5;5;202;1;5;202;8;5;202;10;5;202;9;5;202;4;5;202;4;5;202;5;5;202;5;5;202;7;5;202;10;5;202;3;5;202;7;5;202;5;5;202
;5;5;203;5;5;203;1;5;203;8;5;203;9;5;203;9;5;203;4;5;203;4;5;203;5;5;203;5;5;203;7;5;203;10;5;203;3;5;203;7;5;203;5;5;203
;5;5;204;5;5;204;1;5;204;8;5;204;9;5;204;9;5;204;4;5;204;4;5;204;4;5;204;4;5;204;7;5;204;10;5;204;3;5;204;7;5;204;5;5;204
;5;5;205;5;5;205;1;5;205;8;5;205;9;5;205;9;5;205;4;5;205;4;5;205;4;5;205;4;5;205;7;5;205;10;5;205;3;5;205;7;5;205;5;5;205
;5;5;206;5;5;206;1;5;206;8;5;206;9;5;206;9;5;206;4;5;206;4;5;206;4;5;206;4;5;206;7;5;206;10;5;206;3;5;206;7;5;206;5;5;206
;5;5;207;5;5;207;1;5;207;7;5;207;9;5;207;8;5;207;4;5;207;4;5;207;4;5;207;4;5;207;7;5;207;10;5;207;3;5;207;7;5;207;5;5;207
;5;5;208;4;5;208;1;5;208;7;5;208;9;5;208;8;5;208;4;5;208;3;5;208;4;5;208;4;5;208;7;5;208;10;5;208;3;5;208;7;5;208;5;5;208
;5;5;209;4;5;209;1;5;209;7;5;209;9;5;209;8;5;209;4;5;209;2;5;209;3;5;209;4;5;209;7;5;209;10;5;209;3;5;209;7;5;209;4;5;209
;5;5;210;4;5;210;1;5;210;7;5;210;9;5;210;8;5;210;4;5;210;2;5;210;3;5;210;4;5;210;7;5;210;10;5;210;2;5;210;7;5;210;4;5;210
;5;5;211;4;5;211;1;5;211;7;5;211;9;5;211;8;5;211;4;5;211;2;5;211;3;5;211;4;5;211;6;5;211;10;5;211;2;5;211;7;5;211;4;5;211
;5;5;212;3;5;212;1;5;212;7;5;212;9;5;212;8;5;212;3;5;212;2;5;212;3;5;212;4;5;212;6;5;212;10;5;212;2;5;212;7;5;212;4;5;212
;5;5;213;2;5;213;1;5;213;7;5;213;9;5;213;8;5;213;3;5;213;2;5;213;3;5;213;4;5;213;6;5;213;10;5;213;2;5;213;6;5;213;4;5;213
;5;5;214;2;5;214;1;5;214;7;5;214;9;5;214;8;5;214;3;5;214;2;5;214;3;5;214;4;5;214;6;5;214;10;5;214;2;5;214;6;5;214;4;5;214
;5;5;215;2;5;215;1;5;215;7;5;215;9;5;215;8;5;215;3;5;215;2;5;215;2;5;215;4;5;215;6;5;215;10;5;215;2;5;215;6;5;215;4;5;215
;5;5;216;2;5;216;1;5;216;7;5;216;9;5;216;8;5;216;3;5;216;2;5;216;2;5;216;4;5;216;6;5;216;10;5;216;2;5;216;5;5;216;4;5;216
;5;5;217;2;5;217;1;5;217;7;5;217;9;5;217;8;5;217;3;5;217;2;5;217;2;5;217;4;5;217;6;5;217;10;5;217;2;5;217;5;5;217;4;5;217
;5;5;218;2;5;218;1;5;218;7;5;218;9;5;218;8;5;218;3;5;218;2;5;218;2;5;218;4;5;218;5;5;218;10;5;218;2;5;218;5;5;218;4;5;218
;4;5;219;2;5;219;1;5;219;7;5;219;9;5;219;8;5;219;3;5;219;2;5;219;2;5;219;4;5;219;5;5;219;10;5;219;2;5;219;4;5;219;4;5;219
;4;5;220;2;5;220;1;5;220;7;5;220;9;5;220;8;5;220;3;5;220;2;5;220;2;5;220;4;5;220;5;5;220;10;5;220;2;5;220;4;5;220;4;5;220
;4;5;221;2;5;221;1;5;221;7;5;221;9;5;221;8;5;221;3;5;221;2;5;221;2;5;221;4;5;221;5;5;221;10;5;221;2;5;221;4;5;221;4;5;221
;4;5;222;2;5;222;1;5;222;7;5;222;9;5;222;8;5;222;3;5;222;2;5;222;2;5;222;4;5;222;5;5;222;10;5;222;2;5;222;4;5;222;4;5;222
;4;5;223;2;5;223;1;5;223;7;5;223;9;5;223;8;5;223;3;5;223;2;5;223;2;5;223;4;5;223;5;5;223;10;5;223;2;5;223;4;5;223;4;5;223
;4;5;224;2;5;224;1;5;224;7;5;224;9;5;224;8;5;224;3;5;224;2;5;224;2;5;224;4;5;224;5;5;224;10;5;224;2;5;224;4;5;224;4;5;224
;4;5;225;2;5;225;1;5;225;7;5;225;9;5;225;7;5;225;3;5;225;2;5;225;2;5;225;4;5;225;5;5;225;10;5;225;2;5;225;4;5;225;4;5;225
;4;5;226;2;5;226;1;5;226;7;5;226;9;5;226;6;5;226;3;5;226;2;5;226;2;5;226;4;5;226;5;5;226;10;5;226;2;5;226;4;5;226;4;5;226
;4;5;227;2;5;227;1;5;227;7;5;227;9;5;227;6;5;227;3;5;227;2;5;227;2;5;227;4;5;227;5;5;227;10;5;227;2;5;227;4;5;227;4;5;227
;4;5;228;2;5;228;1;5;228;7;5;228;9;5;228;6;5;228;3;5;228;2;5;228;2;5;228;4;5;228;5;5;228;10;5;228;2;5;228;4;5;228;4;5;228
;4;5;229;2;5;229;1;5;229;7;5;229;9;5;229;6;5;229;3;5;229;2;5;229;2;5;229;4;5;229;5;5;229;9;5;229;2;5;229;4;5;229;4;5;229
;4;5;230;2;5;230;1;5;230;6;5;230;9;5;230;6;5;230;3;5;230;2;5;230;1;5;230;4;5;230;5;5;230;9;5;230;2;5;230;4;5;230;4;5;230
;3;5;231;2;5;231;1;5;231;6;5;231;9;5;231;6;5;231;2;5;231;2;5;231;1;5;231;4;5;231;5;5;231;9;5;231;2;5;231;4;5;231;4;5;231
;3;5;232;2;5;232;1;5;232;6;5;232;9;5;232;6;5;232;2;5;232;2;5;232;1;5;232;4;5;232;5;5;232;9;5;232;2;5;232;4;5;232;4;5;232
;3;5;233;2;5;233;1;5;233;6;5;233;9;5;233;6;5;233;2;5;233;2;5;233;1;5;233;4;5;233;5;5;233;9;5;233;2;5;233;4;5;233;4;5;233
;3;5;234;2;5;234;1;5;234;6;5;234;9;5;234;6;5;234;2;5;234;2;5;234;1;5;234;4;5;234;5;5;234;9;5;234;2;5;234;4;5;234;4;5;234
;3;5;235;2;5;235;1;5;235;6;5;235;9;5;235;6;5;235;2;5;235;2;5;235;1;5;235;4;5;235;5;5;235;9;5;235;2;5;235;4;5;235;4;5;235
;3;5;236;2;5;236;1;5;236;5;5;236;9;5;236;6;5;236;2;5;236;2;5;236;1;5;236;4;5;236;5;5;236;7;5;236;2;5;236;4;5;236;4;5;236
;3;5;237;2;5;237;1;5;237;5;5;237;9;5;237;6;5;237;2;5;237;2;5;237;1;5;237;4;5;237;5;5;237;7;5;237;2;5;237;4;5;237;4;5;237
;3;5;238;2;5;238;1;5;238;5;5;238;8;5;238;6;5;238;2;5;238;2;5;238;1;5;238;4;5;238;5;5;238;7;5;238;2;5;238;4;5;238;4;5;238
;3;5;239;2;5;239;1;5;239;5;5;239;8;5;239;6;5;239;2;5;239;2;5;239;1;5;239;4;5;239;5;5;239;7;5;239;2;5;239;4;5;239;4;5;239
;3;5;240;2;5;240;0;5;240;5;5;240;8;5;240;6;5;240;2;5;240;2;5;240;1;5;240;4;5;240;5;5;240;7;5;240;2;5;240;4;5;240;4;5;240
;3;5;241;2;5;241;0;5;241;5;5;241;8;5;241;6;5;241;2;5;241;2;5;241;1;5;241;4;5;241;5;5;241;7;5;241;2;5;241;4;5;241;4;5;241
;3;5;242;2;5;242;0;5;242;5;5;242;8;5;242;6;5;242;2;5;242;2;5;242;1;5;242;4;5;242;5;5;242;7;5;242;2;5;242;4;5;242;4;5;242
;3;5;243;2;5;243;0;5;243;5;5;243;8;5;243;5;5;243;2;5;243;2;5;243;1;5;243;4;5;243;5;5;243;7;5;243;2;5;243;4;5;243;4;5;243
;3;5;244;2;5;244;0;5;244;5;5;244;8;5;244;5;5;244;2;5;244;2;5;244;1;5;244;4;5;244;5;5;244;7;5;244;2;5;244;4;5;244;4;5;244
;3;5;245;2;5;245;0;5;245;5;5;245;8;5;245;5;5;245;2;5;245;2;5;245;1;5;245;4;5;245;5;5;245;7;5;245;2;5;245;4;5;245;4;5;245
;3;5;246;2;5;246;0;5;246;5;5;246;8;5;246;5;5;246;1;5;246;2;5;246;1;5;246;4;5;246;5;5;246;7;5;246;2;5;246;4;5;246;4;5;246
;3;5;247;2;5;247;0;5;247;5;5;247;8;5;247;5;5;247;1;5;247;2;5;247;1;5;247;4;5;247;5;5;247;7;5;247;2;5;247;4;5;247;4;5;247
;3;5;248;2;5;248;0;5;248;5;5;248;8;5;248;5;5;248;1;5;248;2;5;248;1;5;248;4;5;248;5;5;248;7;5;248;2;5;248;4;5;248;4;5;248
;3;5;249;2;5;249;0;5;249;5;5;249;8;5;249;5;5;249;1;5;249;2;5;249;1;5;249;4;5;249;5;5;249;7;5;249;2;5;249;4;5;249;4;5;249
;3;5;250;2;5;250;0;5;250;5;5;250;8;5;250;5;5;250;1;5;250;2;5;250;1;5;250;4;5;250;4;5;250;7;5;250;2;5;250;4;5;250;4;5;250
;3;5;251;2;5;251;0;5;251;5;5;251;8;5;251;5;5;251;1;5;251;2;5;251;1;5;251;4;5;251;4;5;251;7;5;251;2;5;251;4;5;251;4;5;251
;3;5;252;2;5;252;0;5;252;5;5;252;8;5;252;5;5;252;1;5;252;2;5;252;1;5;252;4;5;252;4;5;252;7;5;252;1;5;252;4;5;252;4;5;252
;3;5;253;2;5;253;0;5;253;5;5;253;7;5;253;4;5;253;1;5;253;2;5;253;1;5;253;4;5;253;4;5;253;7;5;253;1;5;253;4;5;253;4;5;253
;3;5;254;2;5;254;0;5;254;5;5;254;7;5;254;4;5;254;1;5;254;2;5;254;1;5;254;4;5;254;4;5;254;7;5;254;1;5;254;4;5;254;4;5;254
;3;5;255;2;5;255;0;5;255;5;5;255;7;5;255;4;5;255;1;5;255;2;5;255;1;5;255;4;5;255;4;5;255;7;5;255;1;5;255;4;5;255;4;5;255
;3;5;256;2;5;256;0;5;256;5;5;256;7;5;256;4;5;256;1;5;256;2;5;256;1;5;256;4;5;256;4;5;256;7;5;256;1;5;256;4;5;256;4;5;256
;3;5;257;2;5;257;0;5;257;5;5;257;7;5;257;4;5;257;1;5;257;2;5;257;1;5;257;4;5;257;4;5;257;7;5;257;1;5;257;4;5;257;4;5;257
;3;5;258;2;5;258;0;5;258;5;5;258;7;5;258;4;5;258;1;5;258;2;5;258;1;5;258;4;5;258;4;5;258;7;5;258;1;5;258;4;5;258;3;5;258
;3;5;259;2;5;259;0;5;259;5;5;259;7;5;259;4;5;259;1;5;259;2;5;259;1;5;259;4;5;259;4;5;259;7;5;259;1;5;259;4;5;259;3;5;259
;3;5;260;2;5;260;0;5;260;5;5;260;7;5;260;4;5;260;1;5;260;2;5;260;1;5;260;4;5;260;4;5;260;7;5;260;1;5;260;4;5;260;3;5;260
;3;5;261;2;5;261;0;5;261;5;5;261;7;5;261;4;5;261;1;5;261;2;5;261;1;5;261;4;5;261;3;5;261;7;5;261;1;5;261;4;5;261;3;5;261
;3;5;262;2;5;262;0;5;262;5;5;262;7;5;262;4;5;262;1;5;262;2;5;262;1;5;262;4;5;262;3;5;262;7;5;262;1;5;262;4;5;262;3;5;262
;3;5;263;2;5;263;0;5;263;5;5;263;7;5;263;4;5;263;1;5;263;2;5;263;1;5;263;4;5;263;3;5;263;7;5;263;1;5;263;4;5;263;3;5;263
;3;5;264;1;5;264;0;5;264;5;5;264;7;5;264;4;5;264;1;5;264;2;5;264;1;5;264;4;5;264;3;5;264;7;5;264;1;5;264;4;5;264;3;5;264
;3;5;265;1;5;265;0;5;265;5;5;265;7;5;265;4;5;265;1;5;265;2;5;265;1;5;265;4;5;265;3;5;265;7;5;265;1;5;265;4;5;265;3;5;265
;3;5;266;1;5;266;0;5;266;5;5;266;7;5;266;4;5;266;1;5;266;2;5;266;1;5;266;4;5;266;3;5;266;7;5;266;1;5;266;4;5;266;3;5;266
;2;5;267;1;5;267;0;5;267;5;5;267;7;5;267;4;5;267;1;5;267;2;5;267;1;5;267;4;5;267;3;5;267;7;5;267;1;5;267;4;5;267;3;5;267
;2;5;268;1;5;268;0;5;268;5;5;268;7;5;268;4;5;268;1;5;268;2;5;268;1;5;268;4;5;268;3;5;268;7;5;268;1;5;268;4;5;268;3;5;268
;2;5;269;1;5;269;0;5;269;5;5;269;7;5;269;4;5;269;1;5;269;2;5;269;1;5;269;4;5;269;3;5;269;7;5;269;1;5;269;4;5;269;3;5;269
;2;5;270;1;5;270;0;5;270;5;5;270;7;5;270;4;5;270;1;5;270;2;5;270;1;5;270;4;5;270;3;5;270;7;5;270;1;5;270;4;5;270;3;5;270
;2;5;271;1;5;271;0;5;271;5;5;271;7;5;271;4;5;271;1;5;271;2;5;271;1;5;271;4;5;271;3;5;271;7;5;271;1;5;271;4;5;271;3;5;271
;2;5;272;1;5;272;0;5;272;4;5;272;7;5;272;4;5;272;1;5;272;2;5;272;1;5;272;4;5;272;3;5;272;7;5;272;1;5;272;4;5;272;3;5;272
;2;5;273;1;5;273;0;5;273;4;5;273;7;5;273;4;5;273;1;5;273;2;5;273;1;5;273;4;5;273;3;5;273;7;5;273;1;5;273;4;5;273;3;5;273
;2;5;274;1;5;274;0;5;274;4;5;274;7;5;274;4;5;274;1;5;274;2;5;274;1;5;274;4;5;274;3;5;274;7;5;274;1;5;274;4;5;274;3;5;274
;2;5;275;1;5;275;0;5;275;3;5;275;7;5;275;4;5;275;1;5;275;2;5;275;1;5;275;4;5;275;3;5;275;7;5;275;1;5;275;4;5;275;3;5;275
;2;5;276;1;5;276;0;5;276;3;5;276;7;5;276;4;5;276;1;5;276;2;5;276;1;5;276;3;5;276;3;5;276;7;5;276;1;5;276;4;5;276;3;5;276
;2;5;277;1;5;277;0;5;277;3;5;277;7;5;277;4;5;277;1;5;277;2;5;277;1;5;277;3;5;277;3;5;277;7;5;277;1;5;277;4;5;277;3;5;277
;2;5;278;1;5;278;0;5;278;3;5;278;7;5;278;4;5;278;1;5;278;2;5;278;1;5;278;3;5;278;3;5;278;7;5;278;1;5;278;4;5;278;3;5;278
;2;5;279;1;5;279;0;5;279;3;5;279;7;5;279;4;5;279;1;5;279;2;5;279;1;5;279;3;5;279;3;5;279;7;5;279;1;5;279;4;5;279;3;5;279
;2;5;280;1;5;280;0;5;280;3;5;280;7;5;280;4;5;280;1;5;280;2;5;280;1;5;280;3;5;280;3;5;280;7;5;280;1;5;280;4;5;280;3;5;280
;2;5;281;1;5;281;0;5;281;3;5;281;7;5;281;3;5;281;1;5;281;2;5;281;1;5;281;3;5;281;3;5;281;7;5;281;1;5;281;4;5;281;3;5;281
;2;5;282;1;5;282;0;5;282;2;5;282;7;5;282;3;5;282;1;5;282;2;5;282;1;5;282;3;5;282;3;5;282;7;5;282;1;5;282;4;5;282;2;5;282
;2;5;283;1;5;283;0;5;283;2;5;283;7;5;283;3;5;283;1;5;283;2;5;283;1;5;283;3;5;283;3;5;283;7;5;283;1;5;283;4;5;283;2;5;283
;2;5;284;1;5;284;0;5;284;2;5;284;7;5;284;3;5;284;1;5;284;2;5;284;1;5;284;3;5;284;3;5;284;7;5;284;1;5;284;4;5;284;2;5;284
;2;5;285;1;5;285;0;5;285;2;5;285;7;5;285;3;5;285;1;5;285;2;5;285;1;5;285;3;5;285;3;5;285;7;5;285;1;5;285;4;5;285;2;5;285
;2;5;286;1;5;286;0;5;286;2;5;286;7;5;286;3;5;286;1;5;286;2;5;286;1;5;286;3;5;286;3;5;286;7;5;286;1;5;286;4;5;286;2;5;286
;2;5;287;1;5;287;0;5;287;2;5;287;7;5;287;3;5;287;1;5;287;2;5;287;1;5;287;3;5;287;3;5;287;7;5;287;1;5;287;4;5;287;2;5;287
;1;5;288;1;5;288;0;5;288;2;5;288;7;5;288;3;5;288;1;5;288;2;5;288;1;5;288;3;5;288;3;5;288;7;5;288;1;5;288;4;5;288;2;5;288
;1;5;289;1;5;289;0;5;289;2;5;289;7;5;289;3;5;289;1;5;289;2;5;289;1;5;289;3;5;289;3;5;289;7;5;289;1;5;289;4;5;289;2;5;289
;1;5;290;1;5;290;0;5;290;2;5;290;7;5;290;3;5;290;1;5;290;2;5;290;1;5;290;3;5;290;3;5;290;7;5;290;1;5;290;4;5;290;2;5;290
;1;5;291;1;5;291;0;5;291;2;5;291;7;5;291;3;5;291;0;5;291;2;5;291;1;5;291;3;5;291;3;5;291;7;5;291;1;5;291;4;5;291;2;5;291
;1;5;292;1;5;292;0;5;292;2;5;292;7;5;292;3;5;292;0;5;292;2;5;292;1;5;292;3;5;292;3;5;292;7;5;292;1;5;292;4;5;292;2;5;292
;1;5;293;1;5;293;0;5;293;2;5;293;7;5;293;3;5;293;0;5;293;2;5;293;1;5;293;3;5;293;3;5;293;7;5;293;1;5;293;3;5;293;2;5;293
;1;5;294;1;5;294;0;5;294;2;5;294;7;5;294;3;5;294;0;5;294;2;5;294;1;5;294;3;5;294;3;5;294;7;5;294;1;5;294;3;5;294;2;5;294
;1;5;295;1;5;295;0;5;295;2;5;295;7;5;295;3;5;295;0;5;295;2;5;295;1;5;295;3;5;295;3;5;295;7;5;295;1;5;295;3;5;295;2;5;295
;1;5;296;1;5;296;0;5;296;2;5;296;7;5;296;3;5;296;0;5;296;2;5;296;1;5;296;3;5;296;3;5;296;7;5;296;1;5;296;3;5;296;2;5;296
;1;5;297;1;5;297;0;5;297;2;5;297;7;5;297;3;5;297;0;5;297;2;5;297;1;5;297;3;5;297;3;5;297;7;5;297;1;5;297;3;5;297;2;5;297
;1;5;298;1;5;298;0;5;298;2;5;298;7;5;298;3;5;298;0;5;298;2;5;298;1;5;298;3;5;298;3;5;298;7;5;298;1;5;298;3;5;298;2;5;298
;1;5;299;1;5;299;0;5;299;2;5;299;7;5;299;3;5;299;0;5;299;2;5;299;1;5;299;3;5;299;3;5;299;7;5;299;1;5;299;3;5;299;2;5;299
;1;5;300;1;5;300;0;5;300;2;5;300;7;5;300;3;5;300;0;5;300;2;5;300;1;5;300;3;5;300;3;5;300;7;5;300;1;5;300;3;5;300;2;5;300
;1;5;301;1;5;301;0;5;301;2;5;301;7;5;301;3;5;301;0;5;301;2;5;301;1;5;301;3;5;301;3;5;301;7;5;301;1;5;301;3;5;301;2;5;301
;1;5;302;1;5;302;0;5;302;2;5;302;7;5;302;3;5;302;0;5;302;2;5;302;1;5;302;3;5;302;3;5;302;6;5;302;1;5;302;3;5;302;2;5;302
;1;5;303;1;5;303;0;5;303;2;5;303;7;5;303;3;5;303;0;5;303;2;5;303;1;5;303;3;5;303;3;5;303;6;5;303;1;5;303;3;5;303;2;5;303
;1;5;304;1;5;304;0;5;304;1;5;304;7;5;304;3;5;304;0;5;304;2;5;304;1;5;304;3;5;304;3;5;304;6;5;304;1;5;304;3;5;304;2;5;304
;1;5;305;1;5;305;0;5;305;1;5;305;7;5;305;3;5;305;0;5;305;2;5;305;1;5;305;3;5;305;3;5;305;6;5;305;1;5;305;3;5;305;2;5;305
;1;5;306;1;5;306;0;5;306;1;5;306;7;5;306;3;5;306;0;5;306;2;5;306;1;5;306;3;5;306;3;5;306;6;5;306;1;5;306;3;5;306;2;5;306
;1;5;307;1;5;307;0;5;307;1;5;307;7;5;307;3;5;307;0;5;307;2;5;307;1;5;307;3;5;307;3;5;307;6;5;307;1;5;307;3;5;307;2;5;307
;1;5;308;0;5;308;0;5;308;1;5;308;7;5;308;3;5;308;0;5;308;2;5;308;1;5;308;3;5;308;3;5;308;6;5;308;1;5;308;3;5;308;2;5;308
;1;5;309;0;5;309;0;5;309;1;5;309;7;5;309;3;5;309;0;5;309;2;5;309;1;5;309;3;5;309;3;5;309;5;5;309;1;5;309;3;5;309;2;5;309
;1;5;310;0;5;310;0;5;310;1;5;310;7;5;310;3;5;310;0;5;310;2;5;310;1;5;310;3;5;310;3;5;310;5;5;310;1;5;310;3;5;310;2;5;310
;1;5;311;0;5;311;0;5;311;1;5;311;7;5;311;3;5;311;0;5;311;2;5;311;1;5;311;3;5;311;3;5;311;5;5;311;1;5;311;3;5;311;1;5;311
;1;5;312;0;5;312;0;5;312;1;5;312;7;5;312;3;5;312;0;5;312;2;5;312;1;5;312;3;5;312;3;5;312;5;5;312;1;5;312;3;5;312;1;5;312
;1;5;313;0;5;313;0;5;313;1;5;313;7;5;313;3;5;313;0;5;313;2;5;313;1;5;313;3;5;313;3;5;313;5;5;313;1;5;313;3;5;313;1;5;313
;1;5;314;0;5;314;0;5;314;1;5;314;7;5;314;3;5;314;0;5;314;2;5;314;1;5;314;3;5;314;3;5;314;5;5;314;1;5;314;3;5;314;1;5;314
;1;5;315;0;5;315;0;5;315;1;5;315;7;5;315;3;5;315;0;5;315;2;5;315;1;5;315;3;5;315;3;5;315;5;5;315;1;5;315;3;5;315;1;5;315
;1;5;316;0;5;316;0;5;316;1;5;316;7;5;316;3;5;316;0;5;316;2;5;316;1;5;316;3;5;316;3;5;316;5;5;316;1;5;316;3;5;316;1;5;316
;1;5;317;0;5;317;0;5;317;1;5;317;7;5;317;3;5;317;0;5;317;2;5;317;1;5;317;3;5;317;3;5;317;5;5;317;1;5;317;3;5;317;1;5;317
;1;5;318;0;5;318;0;5;318;1;5;318;7;5;318;3;5;318;0;5;318;1;5;318;1;5;318;3;5;318;3;5;318;5;5;318;1;5;318;3;5;318;1;5;318
;1;5;319;0;5;319;0;5;319;1;5;319;7;5;319;3;5;319;0;5;319;1;5;319;1;5;319;3;5;319;3;5;319;5;5;319;1;5;319;3;5;319;1;5;319
;1;5;320;0;5;320;0;5;320;1;5;320;7;5;320;3;5;320;0;5;320;1;5;320;1;5;320;3;5;320;3;5;320;5;5;320;1;5;320;3;5;320;1;5;320
;1;5;321;0;5;321;0;5;321;1;5;321;7;5;321;3;5;321;0;5;321;1;5;321;1;5;321;3;5;321;3;5;321;5;5;321;1;5;321;3;5;321;1;5;321
;1;5;322;0;5;322;0;5;322;1;5;322;7;5;322;3;5;322;0;5;322;1;5;322;1;5;322;3;5;322;3;5;322;5;5;322;1;5;322;3;5;322;1;5;322
;1;5;323;0;5;323;0;5;323;1;5;323;7;5;323;3;5;323;0;5;323;1;5;323;1;5;323;3;5;323;3;5;323;5;5;323;1;5;323;3;5;323;1;5;323
;1;5;324;0;5;324;0;5;324;1;5;324;7;5;324;3;5;324;0;5;324;1;5;324;1;5;324;3;5;324;3;5;324;5;5;324;1;5;324;3;5;324;1;5;324
;1;5;325;0;5;325;0;5;325;1;5;325;7;5;325;3;5;325;0;5;325;1;5;325;1;5;325;3;5;325;3;5;325;5;5;325;1;5;325;3;5;325;1;5;325
;1;5;326;0;5;326;0;5;326;1;5;326;7;5;326;3;5;326;0;5;326;1;5;326;1;5;326;3;5;326;3;5;326;5;5;326;1;5;326;3;5;326;1;5;326
;1;5;327;0;5;327;0;5;327;1;5;327;7;5;327;3;5;327;0;5;327;1;5;327;1;5;327;3;5;327;3;5;327;5;5;327;1;5;327;3;5;327;1;5;327
;1;5;328;0;5;328;0;5;328;1;5;328;6;5;328;3;5;328;0;5;328;1;5;328;1;5;328;3;5;328;3;5;328;5;5;328;1;5;328;3;5;328;1;5;328
;1;5;329;0;5;329;0;5;329;1;5;329;6;5;329;3;5;329;0;5;329;1;5;329;1;5;329;3;5;329;3;5;329;5;5;329;1;5;329;3;5;329;1;5;329
;1;5;330;0;5;330;0;5;330;1;5;330;6;5;330;3;5;330;0;5;330;1;5;330;1;5;330;3;5;330;3;5;330;5;5;330;1;5;330;3;5;330;1;5;330
;1;5;331;0;5;331;0;5;331;1;5;331;6;5;331;3;5;331;0;5;331;1;5;331;1;5;331;3;5;331;3;5;331;5;5;331;1;5;331;3;5;331;1;5;331
;1;5;332;0;5;332;0;5;332;1;5;332;5;5;332;3;5;332;0;5;332;1;5;332;1;5;332;3;5;332;3;5;332;5;5;332;1;5;332;3;5;332;1;5;332
;1;5;333;0;5;333;0;5;333;1;5;333;4;5;333;3;5;333;0;5;333;1;5;333;1;5;333;3;5;333;3;5;333;5;5;333;1;5;333;3;5;333;1;5;333
;1;5;334;0;5;334;0;5;334;1;5;334;4;5;334;3;5;334;0;5;334;1;5;334;1;5;334;3;5;334;3;5;334;4;5;334;1;5;334;3;5;334;1;5;334
;1;5;335;0;5;335;0;5;335;1;5;335;4;5;335;3;5;335;0;5;335;1;5;335;1;5;335;3;5;335;3;5;335;4;5;335;1;5;335;3;5;335;1;5;335
;1;5;336;0;5;336;0;5;336;0;5;336;4;5;336;3;5;336;0;5;336;1;5;336;1;5;336;3;5;336;3;5;336;4;5;336;1;5;336;3;5;336;1;5;336
;1;5;337;0;5;337;0;5;337;0;5;337;4;5;337;3;5;337;0;5;337;1;5;337;1;5;337;3;5;337;3;5;337;4;5;337;1;5;337;3;5;337;1;5;337
;1;5;338;0;5;338;0;5;338;0;5;338;4;5;338;3;5;338;0;5;338;1;5;338;1;5;338;3;5;338;3;5;338;4;5;338;1;5;338;3;5;338;1;5;338
;1;5;339;0;5;339;0;5;339;0;5;339;4;5;339;3;5;339;0;5;339;1;5;339;1;5;339;3;5;339;3;5;339;4;5;339;1;5;339;3;5;339;1;5;339
;1;5;340;0;5;340;0;5;340;0;5;340;4;5;340;3;5;340;0;5;340;1;5;340;1;5;340;3;5;340;3;5;340;4;5;340;1;5;340;3;5;340;1;5;340
;1;5;341;0;5;341;0;5;341;0;5;341;4;5;341;3;5;341;0;5;341;1;5;341;1;5;341;3;5;341;3;5;341;4;5;341;1;5;341;3;5;341;1;5;341
;1;5;342;0;5;342;0;5;342;0;5;342;4;5;342;3;5;342;0;5;342;1;5;342;1;5;342;3;5;342;3;5;342;4;5;342;1;5;342;3;5;342;1;5;342
;1;5;343;0;5;343;0;5;343;0;5;343;4;5;343;3;5;343;0;5;343;1;5;343;1;5;343;3;5;343;3;5;343;4;5;343;1;5;343;3;5;343;1;5;343
;1;5;344;0;5;344;0;5;344;0;5;344;4;5;344;3;5;344;0;5;344;1;5;344;1;5;344;3;5;344;3;5;344;4;5;344;1;5;344;3;5;344;1;5;344
;1;5;345;0;5;345;0;5;345;0;5;345;4;5;345;3;5;345;0;5;345;1;5;345;1;5;345;3;5;345;2;5;345;4;5;345;1;5;345;3;5;345;0;5;345
;1;5;346;0;5;346;0;5;346;0;5;346;4;5;346;3;5;346;0;5;346;1;5;346;1;5;346;3;5;346;2;5;346;4;5;346;1;5;346;3;5;346;0;5;346
;1;5;347;0;5;347;0;5;347;0;5;347;4;5;347;3;5;347;0;5;347;1;5;347;1;5;347;3;5;347;2;5;347;4;5;347;1;5;347;3;5;347;0;5;347
;1;5;348;0;5;348;0;5;348;0;5;348;4;5;348;3;5;348;0;5;348;1;5;348;1;5;348;3;5;348;2;5;348;4;5;348;1;5;348;3;5;348;0;5;348
;1;5;349;0;5;349;0;5;349;0;5;349;4;5;349;3;5;349;0;5;349;1;5;349;1;5;349;3;5;349;2;5;349;4;5;349;1;5;349;3;5;349;0;5;349
;1;5;350;0;5;350;0;5;350;0;5;350;4;5;350;3;5;350;0;5;350;1;5;350;1;5;350;3;5;350;2;5;350;4;5;350;1;5;350;3;5;350;0;5;350
;1;5;351;0;5;351;0;5;351;0;5;351;4;5;351;3;5;351;0;5;351;1;5;351;1;5;351;3;5;351;2;5;351;4;5;351;1;5;351;3;5;351;0;5;351
;1;5;352;0;5;352;0;5;352;0;5;352;4;5;352;2;5;352;0;5;352;1;5;352;1;5;352;3;5;352;2;5;352;4;5;352;1;5;352;3;5;352;0;5;352
;1;5;353;0;5;353;0;5;353;0;5;353;4;5;353;2;5;353;0;5;353;1;5;353;1;5;353;3;5;353;2;5;353;4;5;353;1;5;353;3;5;353;0;5;353
;1;5;354;0;5;354;0;5;354;0;5;354;4;5;354;2;5;354;0;5;354;1;5;354;1;5;354;3;5;354;2;5;354;4;5;354;1;5;354;3;5;354;0;5;354
;1;5;355;0;5;355;0;5;355;0;5;355;4;5;355;2;5;355;0;5;355;1;5;355;1;5;355;3;5;355;2;5;355;4;5;355;1;5;355;3;5;355;0;5;355
;1;5;356;0;5;356;0;5;356;0;5;356;4;5;356;2;5;356;0;5;356;1;5;356;1;5;356;3;5;356;2;5;356;4;5;356;1;5;356;3;5;356;0;5;356
;1;5;357;0;5;357;0;5;357;0;5;357;4;5;357;2;5;357;0;5;357;1;5;357;1;5;357;3;5;357;2;5;357;4;5;357;1;5;357;3;5;357;0;5;357
;1;5;358;0;5;358;0;5;358;0;5;358;4;5;358;2;5;358;0;5;358;1;5;358;1;5;358;3;5;358;2;5;358;4;5;358;1;5;358;3;5;358;0;5;358
;1;5;359;0;5;359;0;5;359;0;5;359;4;5;359;2;5;359;0;5;359;1;5;359;1;5;359;3;5;359;2;5;359;4;5;359;1;5;359;3;5;359;0;5;359
;1;5;360;0;5;360;0;5;360;0;5;360;4;5;360;2;5;360;0;5;360;1;5;360;1;5;360;3;5;360;2;5;360;4;5;360;1;5;360;2;5;360;0;5;360
;1;5;361;0;5;361;0;5;361;0;5;361;4;5;361;2;5;361;0;5;361;1;5;361;1;5;361;3;5;361;2;5;361;4;5;361;1;5;361;2;5;361;0;5;361
;1;5;362;0;5;362;0;5;362;0;5;362;4;5;362;2;5;362;0;5;362;1;5;362;1;5;362;3;5;362;2;5;362;4;5;362;1;5;362;1;5;362;0;5;362
;1;5;363;0;5;363;0;5;363;0;5;363;4;5;363;2;5;363;0;5;363;1;5;363;1;5;363;3;5;363;2;5;363;3;5;363;1;5;363;1;5;363;0;5;363
;1;5;364;0;5;364;0;5;364;0;5;364;4;5;364;2;5;364;0;5;364;1;5;364;1;5;364;3;5;364;2;5;364;3;5;364;1;5;364;1;5;364;0;5;364
;1;5;365;0;5;365;0;5;365;0;5;365;4;5;365;2;5;365;0;5;365;1;5;365;1;5;365;3;5;365;2;5;365;3;5;365;1;5;365;1;5;365;0;5;365
;1;5;366;0;5;366;0;5;366;0;5;366;4;5;366;2;5;366;0;5;366;1;5;366;1;5;366;3;5;366;2;5;366;3;5;366;1;5;366;1;5;366;0;5;366
;1;5;367;0;5;367;0;5;367;0;5;367;4;5;367;2;5;367;0;5;367;1;5;367;1;5;367;3;5;367;2;5;367;2;5;367;1;5;367;1;5;367;0;5;367
;1;5;368;0;5;368;0;5;368;0;5;368;4;5;368;2;5;368;0;5;368;1;5;368;1;5;368;3;5;368;2;5;368;2;5;368;1;5;368;1;5;368;0;5;368
;0;5;369;0;5;369;0;5;369;0;5;369;4;5;369;2;5;369;0;5;369;1;5;369;1;5;369;3;5;369;2;5;369;2;5;369;1;5;369;1;5;369;0;5;369
;0;5;370;0;5;370;0;5;370;0;5;370;4;5;370;2;5;370;0;5;370;1;5;370;1;5;370;3;5;370;2;5;370;2;5;370;1;5;370;1;5;370;0;5;370
;0;5;371;0;5;371;0;5;371;0;5;371;4;5;371;2;5;371;0;5;371;1;5;371;1;5;371;3;5;371;2;5;371;2;5;371;1;5;371;1;5;371;0;5;371
;0;5;372;0;5;372;0;5;372;0;5;372;4;5;372;2;5;372;0;5;372;1;5;372;1;5;372;3;5;372;2;5;372;2;5;372;1;5;372;1;5;372;0;5;372
;0;5;373;0;5;373;0;5;373;0;5;373;4;5;373;2;5;373;0;5;373;1;5;373;1;5;373;3;5;373;2;5;373;2;5;373;1;5;373;1;5;373;0;5;373
;0;5;374;0;5;374;0;5;374;0;5;374;4;5;374;2;5;374;0;5;374;1;5;374;1;5;374;3;5;374;2;5;374;2;5;374;1;5;374;1;5;374;0;5;374
;0;5;375;0;5;375;0;5;375;0;5;375;4;5;375;2;5;375;0;5;375;1;5;375;1;5;375;3;5;375;2;5;375;2;5;375;1;5;375;1;5;375;0;5;375
;0;5;376;0;5;376;0;5;376;0;5;376;4;5;376;2;5;376;0;5;376;1;5;376;1;5;376;3;5;376;2;5;376;2;5;376;1;5;376;1;5;376;0;5;376
;0;5;377;0;5;377;0;5;377;0;5;377;4;5;377;2;5;377;0;5;377;1;5;377;1;5;377;3;5;377;2;5;377;2;5;377;1;5;377;1;5;377;0;5;377
;0;5;378;0;5;378;0;5;378;0;5;378;4;5;378;2;5;378;0;5;378;1;5;378;1;5;378;3;5;378;2;5;378;2;5;378;1;5;378;1;5;378;0;5;378
;0;5;379;0;5;379;0;5;379;0;5;379;4;5;379;2;5;379;0;5;379;1;5;379;1;5;379;3;5;379;1;5;379;2;5;379;1;5;379;1;5;379;0;5;379
;0;5;380;0;5;380;0;5;380;0;5;380;4;5;380;2;5;380;0;5;380;1;5;380;1;5;380;3;5;380;1;5;380;2;5;380;1;5;380;1;5;380;0;5;380
;0;5;381;0;5;381;0;5;381;0;5;381;4;5;381;2;5;381;0;5;381;1;5;381;1;5;381;3;5;381;1;5;381;2;5;381;1;5;381;1;5;381;0;5;381
;0;5;382;0;5;382;0;5;382;0;5;382;4;5;382;2;5;382;0;5;382;1;5;382;1;5;382;3;5;382;1;5;382;2;5;382;1;5;382;1;5;382;0;5;382
;0;5;383;0;5;383;0;5;383;0;5;383;4;5;383;2;5;383;0;5;383;1;5;383;1;5;383;3;5;383;1;5;383;2;5;383;1;5;383;1;5;383;0;5;383
;0;5;384;0;5;384;0;5;384;0;5;384;4;5;384;2;5;384;0;5;384;1;5;384;1;5;384;3;5;384;1;5;384;2;5;384;1;5;384;1;5;384;0;5;384
;0;5;385;0;5;385;0;5;385;0;5;385;4;5;385;2;5;385;0;5;385;1;5;385;1;5;385;3;5;385;1;5;385;2;5;385;1;5;385;1;5;385;0;5;385
;0;5;386;0;5;386;0;5;386;0;5;386;4;5;386;2;5;386;0;5;386;1;5;386;1;5;386;3;5;386;1;5;386;2;5;386;1;5;386;1;5;386;0;5;386
;0;5;387;0;5;387;0;5;387;0;5;387;4;5;387;2;5;387;0;5;387;1;5;387;1;5;387;3;5;387;1;5;387;2;5;387;1;5;387;1;5;387;0;5;387
;0;5;388;0;5;388;0;5;388;0;5;388;4;5;388;2;5;388;0;5;388;1;5;388;1;5;388;3;5;388;1;5;388;2;5;388;1;5;388;1;5;388;0;5;388
;0;5;389;0;5;389;0;5;389;0;5;389;4;5;389;2;5;389;0;5;389;1;5;389;1;5;389;3;5;389;1;5;389;2;5;389;1;5;389;1;5;389;0;5;389
;0;5;390;0;5;390;0;5;390;0;5;390;4;5;390;2;5;390;0;5;390;1;5;390;1;5;390;3;5;390;1;5;390;2;5;390;1;5;390;1;5;390;0;5;390
;0;5;391;0;5;391;0;5;391;0;5;391;4;5;391;2;5;391;0;5;391;1;5;391;1;5;391;3;5;391;1;5;391;2;5;391;1;5;391;1;5;391;0;5;391
;0;5;392;0;5;392;0;5;392;0;5;392;4;5;392;2;5;392;0;5;392;1;5;392;1;5;392;3;5;392;1;5;392;2;5;392;1;5;392;1;5;392;0;5;392
;0;5;393;0;5;393;0;5;393;0;5;393;4;5;393;2;5;393;0;5;393;1;5;393;1;5;393;3;5;393;1;5;393;2;5;393;1;5;393;1;5;393;0;5;393
;0;5;394;0;5;394;0;5;394;0;5;394;4;5;394;2;5;394;0;5;394;1;5;394;1;5;394;3;5;394;1;5;394;2;5;394;1;5;394;1;5;394;0;5;394
;0;5;395;0;5;395;0;5;395;0;5;395;4;5;395;2;5;395;0;5;395;1;5;395;1;5;395;3;5;395;1;5;395;2;5;395;1;5;395;1;5;395;0;5;395
;0;5;396;0;5;396;0;5;396;0;5;396;4;5;396;2;5;396;0;5;396;1;5;396;1;5;396;3;5;396;1;5;396;2;5;396;1;5;396;1;5;396;0;5;396
;0;5;397;0;5;397;0;5;397;0;5;397;4;5;397;2;5;397;0;5;397;1;5;397;1;5;397;3;5;397;1;5;397;2;5;397;1;5;397;1;5;397;0;5;397
;0;5;398;0;5;398;0;5;398;0;5;398;4;5;398;2;5;398;0;5;398;1;5;398;1;5;398;3;5;398;1;5;398;2;5;398;1;5;398;1;5;398;0;5;398
;0;5;399;0;5;399;0;5;399;0;5;399;4;5;399;2;5;399;0;5;399;1;5;399;1;5;399;3;5;399;1;5;399;2;5;399;1;5;399;1;5;399;0;5;399
;0;5;400;0;5;400;0;5;400;0;5;400;4;5;400;1;5;400;0;5;400;1;5;400;1;5;400;3;5;400;1;5;400;2;5;400;1;5;400;1;5;400;0;5;400
;0;5;401;0;5;401;0;5;401;0;5;401;4;5;401;1;5;401;0;5;401;1;5;401;1;5;401;2;5;401;1;5;401;2;5;401;1;5;401;1;5;401;0;5;401
;0;5;402;0;5;402;0;5;402;0;5;402;4;5;402;1;5;402;0;5;402;1;5;402;0;5;402;2;5;402;1;5;402;2;5;402;1;5;402;1;5;402;0;5;402
;0;5;403;0;5;403;0;5;403;0;5;403;4;5;403;1;5;403;0;5;403;1;5;403;0;5;403;2;5;403;1;5;403;2;5;403;1;5;403;1;5;403;0;5;403
;0;5;404;0;5;404;0;5;404;0;5;404;4;5;404;1;5;404;0;5;404;1;5;404;0;5;404;2;5;404;1;5;404;2;5;404;1;5;404;1;5;404;0;5;404
;0;5;405;0;5;405;0;5;405;0;5;405;4;5;405;1;5;405;0;5;405;1;5;405;0;5;405;2;5;405;1;5;405;2;5;405;1;5;405;1;5;405;0;5;405
;0;5;406;0;5;406;0;5;406;0;5;406;4;5;406;1;5;406;0;5;406;1;5;406;0;5;406;2;5;406;1;5;406;1;5;406;1;5;406;1;5;406;0;5;406
;0;5;407;0;5;407;0;5;407;0;5;407;4;5;407;1;5;407;0;5;407;1;5;407;0;5;407;2;5;407;1;5;407;1;5;407;1;5;407;1;5;407;0;5;407
;0;5;408;0;5;408;0;5;408;0;5;408;3;5;408;1;5;408;0;5;408;1;5;408;0;5;408;2;5;408;1;5;408;1;5;408;1;5;408;1;5;408;0;5;408
;0;5;409;0;5;409;0;5;409;0;5;409;3;5;409;1;5;409;0;5;409;1;5;409;0;5;409;2;5;409;1;5;409;1;5;409;1;5;409;1;5;409;0;5;409
;0;5;410;0;5;410;0;5;410;0;5;410;3;5;410;1;5;410;0;5;410;1;5;410;0;5;410;2;5;410;1;5;410;1;5;410;1;5;410;1;5;410;0;5;410
;0;5;411;0;5;411;0;5;411;0;5;411;3;5;411;1;5;411;0;5;411;1;5;411;0;5;411;2;5;411;1;5;411;1;5;411;1;5;411;1;5;411;0;5;411
;0;5;412;0;5;412;0;5;412;0;5;412;3;5;412;1;5;412;0;5;412;1;5;412;0;5;412;2;5;412;1;5;412;1;5;412;1;5;412;1;5;412;0;5;412
;0;5;413;0;5;413;0;5;413;0;5;413;2;5;413;1;5;413;0;5;413;1;5;413;0;5;413;2;5;413;1;5;413;1;5;413;1;5;413;1;5;413;0;5;413
;0;5;414;0;5;414;0;5;414;0;5;414;2;5;414;1;5;414;0;5;414;1;5;414;0;5;414;2;5;414;1;5;414;1;5;414;1;5;414;1;5;414;0;5;414
;0;5;415;0;5;415;0;5;415;0;5;415;2;5;415;1;5;415;0;5;415;1;5;415;0;5;415;2;5;415;1;5;415;1;5;415;1;5;415;1;5;415;0;5;415
;0;5;416;0;5;416;0;5;416;0;5;416;2;5;416;1;5;416;0;5;416;1;5;416;0;5;416;2;5;416;1;5;416;1;5;416;1;5;416;1;5;416;0;5;416
;0;5;417;0;5;417;0;5;417;0;5;417;2;5;417;1;5;417;0;5;417;1;5;417;0;5;417;2;5;417;1;5;417;1;5;417;1;5;417;1;5;417;0;5;417
;0;5;418;0;5;418;0;5;418;0;5;418;2;5;418;1;5;418;0;5;418;1;5;418;0;5;418;2;5;418;1;5;418;1;5;418;1;5;418;1;5;418;0;5;418
;0;5;419;0;5;419;0;5;419;0;5;419;2;5;419;1;5;419;0;5;419;1;5;419;0;5;419;2;5;419;1;5;419;1;5;419;1;5;419;0;5;419;0;5;419
;0;5;420;0;5;420;0;5;420;0;5;420;2;5;420;1;5;420;0;5;420;1;5;420;0;5;420;2;5;420;1;5;420;1;5;420;1;5;420;0;5;420;0;5;420
;0;5;421;0;5;421;0;5;421;0;5;421;2;5;421;1;5;421;0;5;421;1;5;421;0;5;421;2;5;421;1;5;421;1;5;421;1;5;421;0;5;421;0;5;421
;0;5;422;0;5;422;0;5;422;0;5;422;2;5;422;1;5;422;0;5;422;1;5;422;0;5;422;2;5;422;1;5;422;1;5;422;1;5;422;0;5;422;0;5;422
;0;5;423;0;5;423;0;5;423;0;5;423;2;5;423;1;5;423;0;5;423;0;5;423;0;5;423;2;5;423;1;5;423;1;5;423;1;5;423;0;5;423;0;5;423
;0;5;424;0;5;424;0;5;424;0;5;424;2;5;424;1;5;424;0;5;424;0;5;424;0;5;424;2;5;424;1;5;424;1;5;424;1;5;424;0;5;424;0;5;424
;0;5;425;0;5;425;0;5;425;0;5;425;2;5;425;1;5;425;0;5;425;0;5;425;0;5;425;2;5;425;1;5;425;1;5;425;1;5;425;0;5;425;0;5;425
;0;5;426;0;5;426;0;5;426;0;5;426;2;5;426;1;5;426;0;5;426;0;5;426;0;5;426;2;5;426;1;5;426;1;5;426;0;5;426;0;5;426;0;5;426
;0;5;427;0;5;427;0;5;427;0;5;427;2;5;427;1;5;427;0;5;427;0;5;427;0;5;427;2;5;427;1;5;427;1;5;427;0;5;427;0;5;427;0;5;427
;0;5;428;0;5;428;0;5;428;0;5;428;2;5;428;1;5;428;0;5;428;0;5;428;0;5;428;2;5;428;1;5;428;1;5;428;0;5;428;0;5;428;0;5;428
;0;5;429;0;5;429;0;5;429;0;5;429;2;5;429;1;5;429;0;5;429;0;5;429;0;5;429;2;5;429;1;5;429;1;5;429;0;5;429;0;5;429;0;5;429
;0;5;430;0;5;430;0;5;430;0;5;430;2;5;430;1;5;430;0;5;430;0;5;430;0;5;430;2;5;430;1;5;430;1;5;430;0;5;430;0;5;430;0;5;430
;0;5;431;0;5;431;0;5;431;0;5;431;2;5;431;1;5;431;0;5;431;0;5;431;0;5;431;2;5;431;1;5;431;1;5;431;0;5;431;0;5;431;0;5;431
;0;5;432;0;5;432;0;5;432;0;5;432;2;5;432;1;5;432;0;5;432;0;5;432;0;5;432;2;5;432;1;5;432;1;5;432;0;5;432;0;5;432;0;5;432
;0;5;433;0;5;433;0;5;433;0;5;433;2;5;433;1;5;433;0;5;433;0;5;433;0;5;433;2;5;433;1;5;433;1;5;433;0;5;433;0;5;433;0;5;433
;0;5;434;0;5;434;0;5;434;0;5;434;2;5;434;1;5;434;0;5;434;0;5;434;0;5;434;2;5;434;1;5;434;1;5;434;0;5;434;0;5;434;0;5;434
;0;5;435;0;5;435;0;5;435;0;5;435;2;5;435;1;5;435;0;5;435;0;5;435;0;5;435;2;5;435;1;5;435;1;5;435;0;5;435;0;5;435;0;5;435
;0;5;436;0;5;436;0;5;436;0;5;436;2;5;436;1;5;436;0;5;436;0;5;436;0;5;436;2;5;436;1;5;436;1;5;436;0;5;436;0;5;436;0;5;436
;0;5;437;0;5;437;0;5;437;0;5;437;2;5;437;1;5;437;0;5;437;0;5;437;0;5;437;2;5;437;1;5;437;1;5;437;0;5;437;0;5;437;0;5;437
;0;5;438;0;5;438;0;5;438;0;5;438;2;5;438;1;5;438;0;5;438;0;5;438;0;5;438;2;5;438;1;5;438;1;5;438;0;5;438;0;5;438;0;5;438
;0;5;439;0;5;439;0;5;439;0;5;439;2;5;439;1;5;439;0;5;439;0;5;439;0;5;439;2;5;439;1;5;439;1;5;439;0;5;439;0;5;439;0;5;439
;0;5;440;0;5;440;0;5;440;0;5;440;2;5;440;1;5;440;0;5;440;0;5;440;0;5;440;2;5;440;1;5;440;1;5;440;0;5;440;0;5;440;0;5;440
;0;5;441;0;5;441;0;5;441;0;5;441;2;5;441;1;5;441;0;5;441;0;5;441;0;5;441;2;5;441;1;5;441;1;5;441;0;5;441;0;5;441;0;5;441
;0;5;442;0;5;442;0;5;442;0;5;442;2;5;442;1;5;442;0;5;442;0;5;442;0;5;442;2;5;442;1;5;442;1;5;442;0;5;442;0;5;442;0;5;442
;0;5;443;0;5;443;0;5;443;0;5;443;2;5;443;1;5;443;0;5;443;0;5;443;0;5;443;2;5;443;1;5;443;1;5;443;0;5;443;0;5;443;0;5;443
;0;5;444;0;5;444;0;5;444;0;5;444;2;5;444;1;5;444;0;5;444;0;5;444;0;5;444;2;5;444;1;5;444;1;5;444;0;5;444;0;5;444;0;5;444
;0;5;445;0;5;445;0;5;445;0;5;445;2;5;445;1;5;445;0;5;445;0;5;445;0;5;445;2;5;445;1;5;445;1;5;445;0;5;445;0;5;445;0;5;445
;0;5;446;0;5;446;0;5;446;0;5;446;2;5;446;1;5;446;0;5;446;0;5;446;0;5;446;2;5;446;1;5;446;1;5;446;0;5;446;0;5;446;0;5;446
;0;5;447;0;5;447;0;5;447;0;5;447;2;5;447;1;5;447;0;5;447;0;5;447;0;5;447;2;5;447;1;5;447;1;5;447;0;5;447;0;5;447;0;5;447
;0;5;448;0;5;448;0;5;448;0;5;448;2;5;448;1;5;448;0;5;448;0;5;448;0;5;448;2;5;448;1;5;448;1;5;448;0;5;448;0;5;448;0;5;448
;0;5;449;0;5;449;0;5;449;0;5;449;2;5;449;1;5;449;0;5;449;0;5;449;0;5;449;2;5;449;1;5;449;1;5;449;0;5;449;0;5;449;0;5;449
;0;5;450;0;5;450;0;5;450;0;5;450;2;5;450;1;5;450;0;5;450;0;5;450;0;5;450;2;5;450;1;5;450;1;5;450;0;5;450;0;5;450;0;5;450
;0;5;451;0;5;451;0;5;451;0;5;451;2;5;451;1;5;451;0;5;451;0;5;451;0;5;451;2;5;451;1;5;451;1;5;451;0;5;451;0;5;451;0;5;451
;0;5;452;0;5;452;0;5;452;0;5;452;2;5;452;1;5;452;0;5;452;0;5;452;0;5;452;2;5;452;1;5;452;1;5;452;0;5;452;0;5;452;0;5;452
;0;5;453;0;5;453;0;5;453;0;5;453;2;5;453;1;5;453;0;5;453;0;5;453;0;5;453;1;5;453;1;5;453;1;5;453;0;5;453;0;5;453;0;5;453
;0;5;454;0;5;454;0;5;454;0;5;454;2;5;454;1;5;454;0;5;454;0;5;454;0;5;454;1;5;454;1;5;454;1;5;454;0;5;454;0;5;454;0;5;454
;0;5;455;0;5;455;0;5;455;0;5;455;2;5;455;1;5;455;0;5;455;0;5;455;0;5;455;1;5;455;1;5;455;1;5;455;0;5;455;0;5;455;0;5;455
;0;5;456;0;5;456;0;5;456;0;5;456;2;5;456;1;5;456;0;5;456;0;5;456;0;5;456;1;5;456;1;5;456;1;5;456;0;5;456;0;5;456;0;5;456
;0;5;457;0;5;457;0;5;457;0;5;457;2;5;457;1;5;457;0;5;457;0;5;457;0;5;457;1;5;457;1;5;457;1;5;457;0;5;457;0;5;457;0;5;457
;0;5;458;0;5;458;0;5;458;0;5;458;2;5;458;1;5;458;0;5;458;0;5;458;0;5;458;1;5;458;1;5;458;1;5;458;0;5;458;0;5;458;0;5;458
;0;5;459;0;5;459;0;5;459;0;5;459;2;5;459;1;5;459;0;5;459;0;5;459;0;5;459;1;5;459;1;5;459;1;5;459;0;5;459;0;5;459;0;5;459
;0;5;460;0;5;460;0;5;460;0;5;460;2;5;460;1;5;460;0;5;460;0;5;460;0;5;460;1;5;460;1;5;460;1;5;460;0;5;460;0;5;460;0;5;460
;0;5;461;0;5;461;0;5;461;0;5;461;2;5;461;1;5;461;0;5;461;0;5;461;0;5;461;1;5;461;1;5;461;1;5;461;0;5;461;0;5;461;0;5;461
;0;5;462;0;5;462;0;5;462;0;5;462;2;5;462;1;5;462;0;5;462;0;5;462;0;5;462;1;5;462;1;5;462;1;5;462;0;5;462;0;5;462;0;5;462
;0;5;463;0;5;463;0;5;463;0;5;463;2;5;463;1;5;463;0;5;463;0;5;463;0;5;463;1;5;463;1;5;463;1;5;463;0;5;463;0;5;463;0;5;463
;0;5;464;0;5;464;0;5;464;0;5;464;2;5;464;1;5;464;0;5;464;0;5;464;0;5;464;1;5;464;1;5;464;1;5;464;0;5;464;0;5;464;0;5;464
;0;5;465;0;5;465;0;5;465;0;5;465;2;5;465;1;5;465;0;5;465;0;5;465;0;5;465;1;5;465;0;5;465;1;5;465;0;5;465;0;5;465;0;5;465
;0;5;466;0;5;466;0;5;466;0;5;466;2;5;466;1;5;466;0;5;466;0;5;466;0;5;466;1;5;466;0;5;466;1;5;466;0;5;466;0;5;466;0;5;466
;0;5;467;0;5;467;0;5;467;0;5;467;2;5;467;1;5;467;0;5;467;0;5;467;0;5;467;1;5;467;0;5;467;1;5;467;0;5;467;0;5;467;0;5;467
;0;5;468;0;5;468;0;5;468;0;5;468;2;5;468;1;5;468;0;5;468;0;5;468;0;5;468;1;5;468;0;5;468;1;5;468;0;5;468;0;5;468;0;5;468
;0;5;469;0;5;469;0;5;469;0;5;469;2;5;469;1;5;469;0;5;469;0;5;469;0;5;469;1;5;469;0;5;469;1;5;469;0;5;469;0;5;469;0;5;469
;0;5;470;0;5;470;0;5;470;0;5;470;2;5;470;1;5;470;0;5;470;0;5;470;0;5;470;1;5;470;0;5;470;1;5;470;0;5;470;0;5;470;0;5;470
;0;5;471;0;5;471;0;5;471;0;5;471;2;5;471;1;5;471;0;5;471;0;5;471;0;5;471;1;5;471;0;5;471;1;5;471;0;5;471;0;5;471;0;5;471
;0;5;472;0;5;472;0;5;472;0;5;472;2;5;472;1;5;472;0;5;472;0;5;472;0;5;472;1;5;472;0;5;472;1;5;472;0;5;472;0;5;472;0;5;472
;0;5;473;0;5;473;0;5;473;0;5;473;2;5;473;1;5;473;0;5;473;0;5;473;0;5;473;1;5;473;0;5;473;1;5;473;0;5;473;0;5;473;0;5;473
;0;5;474;0;5;474;0;5;474;0;5;474;2;5;474;1;5;474;0;5;474;0;5;474;0;5;474;1;5;474;0;5;474;1;5;474;0;5;474;0;5;474;0;5;474
;0;5;475;0;5;475;0;5;475;0;5;475;2;5;475;1;5;475;0;5;475;0;5;475;0;5;475;1;5;475;0;5;475;1;5;475;0;5;475;0;5;475;0;5;475
;0;5;476;0;5;476;0;5;476;0;5;476;2;5;476;1;5;476;0;5;476;0;5;476;0;5;476;1;5;476;0;5;476;1;5;476;0;5;476;0;5;476;0;5;476
;0;5;477;0;5;477;0;5;477;0;5;477;2;5;477;1;5;477;0;5;477;0;5;477;0;5;477;1;5;477;0;5;477;1;5;477;0;5;477;0;5;477;0;5;477
;0;5;478;0;5;478;0;5;478;0;5;478;2;5;478;1;5;478;0;5;478;0;5;478;0;5;478;1;5;478;0;5;478;1;5;478;0;5;478;0;5;478;0;5;478
;0;5;479;0;5;479;0;5;479;0;5;479;2;5;479;1;5;479;0;5;479;0;5;479;0;5;479;1;5;479;0;5;479;1;5;479;0;5;479;0;5;479;0;5;479
;0;5;480;0;5;480;0;5;480;0;5;480;2;5;480;1;5;480;0;5;480;0;5;480;0;5;480;1;5;480;0;5;480;1;5;480;0;5;480;0;5;480;0;5;480
;0;5;481;0;5;481;0;5;481;0;5;481;2;5;481;1;5;481;0;5;481;0;5;481;0;5;481;1;5;481;0;5;481;1;5;481;0;5;481;0;5;481;0;5;481
;0;5;482;0;5;482;0;5;482;0;5;482;2;5;482;1;5;482;0;5;482;0;5;482;0;5;482;1;5;482;0;5;482;1;5;482;0;5;482;0;5;482;0;5;482
;0;5;483;0;5;483;0;5;483;0;5;483;2;5;483;1;5;483;0;5;483;0;5;483;0;5;483;1;5;483;0;5;483;1;5;483;0;5;483;0;5;483;0;5;483
;0;5;484;0;5;484;0;5;484;0;5;484;2;5;484;0;5;484;0;5;484;0;5;484;0;5;484;1;5;484;0;5;484;1;5;484;0;5;484;0;5;484;0;5;484
;0;5;485;0;5;485;0;5;485;0;5;485;2;5;485;0;5;485;0;5;485;0;5;485;0;5;485;1;5;485;0;5;485;1;5;485;0;5;485;0;5;485;0;5;485
;0;5;486;0;5;486;0;5;486;0;5;486;2;5;486;0;5;486;0;5;486;0;5;486;0;5;486;1;5;486;0;5;486;1;5;486;0;5;486;0;5;486;0;5;486
;0;5;487;0;5;487;0;5;487;0;5;487;2;5;487;0;5;487;0;5;487;0;5;487;0;5;487;1;5;487;0;5;487;1;5;487;0;5;487;0;5;487;0;5;487
;0;5;488;0;5;488;0;5;488;0;5;488;2;5;488;0;5;488;0;5;488;0;5;488;0;5;488;1;5;488;0;5;488;1;5;488;0;5;488;0;5;488;0;5;488
;0;5;489;0;5;489;0;5;489;0;5;489;2;5;489;0;5;489;0;5;489;0;5;489;0;5;489;1;5;489;0;5;489;1;5;489;0;5;489;0;5;489;0;5;489
;0;5;490;0;5;490;0;5;490;0;5;490;2;5;490;0;5;490;0;5;490;0;5;490;0;5;490;1;5;490;0;5;490;1;5;490;0;5;490;0;5;490;0;5;490
;0;5;491;0;5;491;0;5;491;0;5;491;2;5;491;0;5;491;0;5;491;0;5;491;0;5;491;1;5;491;0;5;491;1;5;491;0;5;491;0;5;491;0;5;491
;0;5;492;0;5;492;0;5;492;0;5;492;2;5;492;0;5;492;0;5;492;0;5;492;0;5;492;1;5;492;0;5;492;1;5;492;0;5;492;0;5;492;0;5;492
;0;5;493;0;5;493;0;5;493;0;5;493;2;5;493;0;5;493;0;5;493;0;5;493;0;5;493;1;5;493;0;5;493;1;5;493;0;5;493;0;5;493;0;5;493
;0;5;494;0;5;494;0;5;494;0;5;494;2;5;494;0;5;494;0;5;494;0;5;494;0;5;494;1;5;494;0;5;494;1;5;494;0;5;494;0;5;494;0;5;494
;0;5;495;0;5;495;0;5;495;0;5;495;2;5;495;0;5;495;0;5;495;0;5;495;0;5;495;1;5;495;0;5;495;1;5;495;0;5;495;0;5;495;0;5;495
;0;5;496;0;5;496;0;5;496;0;5;496;2;5;496;0;5;496;0;5;496;0;5;496;0;5;496;1;5;496;0;5;496;1;5;496;0;5;496;0;5;496;0;5;496
;0;5;497;0;5;497;0;5;497;0;5;497;2;5;497;0;5;497;0;5;497;0;5;497;0;5;497;1;5;497;0;5;497;1;5;497;0;5;497;0;5;497;0;5;497
;0;5;498;0;5;498;0;5;498;0;5;498;2;5;498;0;5;498;0;5;498;0;5;498;0;5;498;1;5;498;0;5;498;1;5;498;0;5;498;0;5;498;0;5;498
;0;5;499;0;5;499;0;5;499;0;5;499;2;5;499;0;5;499;0;5;499;0;5;499;0;5;499;1;5;499;0;5;499;1;5;499;0;5;499;0;5;499;0;5;499
;0;5;500;0;5;500;0;5;500;0;5;500;2;5;500;0;5;500;0;5;500;0;5;500;0;5;500;1;5;500;0;5;500;1;5;500;0;5;500;0;5;500;0;5;500
